ds,dayofweek,month,day_of_year,year,day_index,demand,is_promo_date,lead_time,cost_per_unit,selling_price,is_promo,stockout
2023/1/1,6,1,1,2023,0,892,TRUE,5,28.12,67.7692,1,0
2023/1/2,0,1,2,2023,1,449,FALSE,3,30.76,64.2884,0,0
2023/1/3,1,1,3,2023,2,550,FALSE,3,21.35,39.711,0,0
2023/1/4,2,1,4,2023,3,553,FALSE,5,30.79,65.2748,0,0
2023/1/5,3,1,5,2023,4,477,FALSE,5,31.52,57.9968,0,0
2023/1/6,4,1,6,2023,5,494,FALSE,3,23.51,55.0134,0,0
2023/1/7,5,1,7,2023,6,635,FALSE,7,28.04,44.5836,0,0
2023/1/8,6,1,8,2023,7,663,FALSE,5,20.85,35.862,0,0
2023/1/9,0,1,9,2023,8,452,FALSE,3,37.88,60.2292,0,0
2023/1/10,1,1,10,2023,9,560,FALSE,3,31.65,75.0105,0,0
2023/1/11,2,1,11,2023,10,506,FALSE,3,29.1,51.507,0,0
2023/1/12,3,1,12,2023,11,483,FALSE,5,29.18,72.6582,0,0
2023/1/13,4,1,13,2023,12,521,FALSE,3,35.66,58.839,0,0
2023/1/14,5,1,14,2023,13,544,FALSE,3,29.53,53.7446,0,0
2023/1/15,6,1,15,2023,14,601,FALSE,3,31.65,75.6435,0,0
2023/1/16,0,1,16,2023,15,462,FALSE,5,37.59,80.4426,0,0
2023/1/17,1,1,17,2023,16,526,FALSE,3,28.27,56.2573,0,0
2023/1/18,2,1,18,2023,17,542,FALSE,3,24.54,40.7364,0,0
2023/1/19,3,1,19,2023,18,482,FALSE,5,25.88,59.2652,0,0
2023/1/20,4,1,20,2023,19,484,FALSE,5,37.14,67.9662,0,0
2023/1/21,5,1,21,2023,20,658,FALSE,5,30.46,68.535,0,0
2023/1/22,6,1,22,2023,21,659,FALSE,5,27.49,57.1792,0,0
2023/1/23,0,1,23,2023,22,494,FALSE,5,34.87,73.9244,0,0
2023/1/24,1,1,24,2023,23,526,FALSE,5,34.99,64.0317,0,0
2023/1/25,2,1,25,2023,24,529,FALSE,5,27.62,43.6396,0,0
2023/1/26,3,1,26,2023,25,525,FALSE,3,25.14,52.794,0,0
2023/1/27,4,1,27,2023,26,504,FALSE,3,22.15,49.616,0,0
2023/1/28,5,1,28,2023,27,637,FALSE,3,21.03,43.7424,0,0
2023/1/29,6,1,29,2023,28,660,FALSE,3,28.68,60.228,0,0
2023/1/30,0,1,30,2023,29,495,FALSE,5,25.53,56.166,0,0
2023/1/31,1,1,31,2023,30,563,FALSE,3,39.29,60.5066,0,0
2023/2/1,2,2,32,2023,31,835,TRUE,3,30.29,52.0988,1,0
2023/2/2,3,2,33,2023,32,533,FALSE,3,20.29,42.8119,0,1
2023/2/3,4,2,34,2023,33,518,FALSE,3,37.09,60.8276,0,0
2023/2/4,5,2,35,2023,34,662,FALSE,3,30.81,54.5337,0,0
2023/2/5,6,2,36,2023,35,653,FALSE,3,33.52,51.956,0,0
2023/2/6,0,2,37,2023,36,521,FALSE,3,33.41,57.4652,0,0
2023/2/7,1,2,38,2023,37,533,FALSE,7,31.48,47.5348,0,0
2023/2/8,2,2,39,2023,38,528,FALSE,7,32.62,75.6784,0,0
2023/2/9,3,2,40,2023,39,550,FALSE,5,31.19,65.1871,0,0
2023/2/10,4,2,41,2023,40,583,FALSE,5,24.47,50.1635,0,0
2023/2/11,5,2,42,2023,41,653,FALSE,3,31.83,48.0633,0,0
2023/2/12,6,2,43,2023,42,697,FALSE,3,35.12,82.532,0,0
2023/2/13,0,2,44,2023,43,515,FALSE,3,28.95,43.425,0,0
2023/2/14,1,2,45,2023,44,557,FALSE,7,32.76,75.0204,0,0
2023/2/15,2,2,46,2023,45,556,FALSE,3,32.1,55.212,0,0
2023/2/16,3,2,47,2023,46,540,FALSE,3,39.08,90.6656,0,0
2023/2/17,4,2,48,2023,47,602,FALSE,7,28.74,46.8462,0,0
2023/2/18,5,2,49,2023,48,668,FALSE,5,28.54,58.507,0,0
2023/2/19,6,2,50,2023,49,657,FALSE,5,29.42,45.0126,0,0
2023/2/20,0,2,51,2023,50,543,FALSE,3,29.49,60.4545,0,0
2023/2/21,1,2,52,2023,51,599,FALSE,5,18.64,30.3832,0,0
2023/2/22,2,2,53,2023,52,567,FALSE,5,26.79,61.8849,0,0
2023/2/23,3,2,54,2023,53,581,FALSE,5,31.5,54.81,0,0
2023/2/24,4,2,55,2023,54,610,FALSE,3,29.96,48.5352,0,0
2023/2/25,5,2,56,2023,55,695,FALSE,3,26,39.78,0,0
2023/2/26,6,2,57,2023,56,693,FALSE,3,26.68,55.2276,0,0
2023/2/27,0,2,58,2023,57,532,FALSE,5,28.22,60.9552,0,0
2023/2/28,1,2,59,2023,58,629,FALSE,7,25.99,62.1161,0,0
2023/3/1,2,3,60,2023,59,862,TRUE,5,27.43,42.7908,1,0
2023/3/2,3,3,61,2023,60,556,FALSE,5,27.3,51.597,0,0
2023/3/3,4,3,62,2023,61,581,FALSE,5,34.48,57.2368,0,0
2023/3/4,5,3,63,2023,62,641,FALSE,5,35.08,70.16,0,0
2023/3/5,6,3,64,2023,63,690,FALSE,5,34.67,60.3258,0,0
2023/3/6,0,3,65,2023,64,573,FALSE,5,32.13,61.3683,0,0
2023/3/7,1,3,66,2023,65,667,FALSE,3,26.46,49.4802,0,0
2023/3/8,2,3,67,2023,66,599,FALSE,5,34.8,76.212,0,0
2023/3/9,3,3,68,2023,67,607,FALSE,3,28.43,63.6832,0,0
2023/3/10,4,3,69,2023,68,604,FALSE,3,30.12,57.8304,0,0
2023/3/11,5,3,70,2023,69,661,FALSE,5,36.69,63.8406,0,0
2023/3/12,6,3,71,2023,70,743,FALSE,3,30.42,69.6618,0,0
2023/3/13,0,3,72,2023,71,600,FALSE,7,31.24,73.414,0,0
2023/3/14,1,3,73,2023,72,630,FALSE,5,22.94,46.7976,0,0
2023/3/15,2,3,74,2023,73,653,FALSE,5,32.44,56.77,0,0
2023/3/16,3,3,75,2023,74,503,FALSE,3,25.1,57.228,0,0
2023/3/17,4,3,76,2023,75,622,FALSE,5,35.06,65.2116,0,0
2023/3/18,5,3,77,2023,76,688,FALSE,5,29.08,70.3736,0,0
2023/3/19,6,3,78,2023,77,728,FALSE,3,18.82,33.3114,0,0
2023/3/20,0,3,79,2023,78,561,FALSE,3,28.21,68.8324,0,0
2023/3/21,1,3,80,2023,79,576,FALSE,5,28.86,55.6998,0,0
2023/3/22,2,3,81,2023,80,604,FALSE,3,32.43,72.9675,0,0
2023/3/23,3,3,82,2023,81,596,FALSE,5,33.35,57.0285,0,0
2023/3/24,4,3,83,2023,82,645,FALSE,5,28.36,60.1232,0,0
2023/3/25,5,3,84,2023,83,673,FALSE,3,35.06,72.9248,0,0
2023/3/26,6,3,85,2023,84,716,FALSE,7,14.16,27.1872,0,0
2023/3/27,0,3,86,2023,85,546,FALSE,5,26.43,59.2032,0,0
2023/3/28,1,3,87,2023,86,666,FALSE,3,24.44,56.7008,0,0
2023/3/29,2,3,88,2023,87,623,FALSE,3,23.73,52.9179,0,0
2023/3/30,3,3,89,2023,88,572,FALSE,3,34.8,80.388,0,0
2023/3/31,4,3,90,2023,89,618,FALSE,3,34.15,76.8375,0,0
2023/4/1,5,4,91,2023,90,970,TRUE,5,26.12,43.098,1,0
2023/4/2,6,4,92,2023,91,771,FALSE,7,35.89,81.4703,0,0
2023/4/3,0,4,93,2023,92,541,FALSE,3,30.51,51.5619,0,0
2023/4/4,1,4,94,2023,93,630,FALSE,5,27.89,44.624,0,0
2023/4/5,2,4,95,2023,94,602,FALSE,5,26.54,63.696,0,0
2023/4/6,3,4,96,2023,95,544,FALSE,5,26.11,54.831,0,0
2023/4/7,4,4,97,2023,96,613,FALSE,3,32.36,54.3648,0,0
2023/4/8,5,4,98,2023,97,699,FALSE,3,33.25,71.155,0,0
2023/4/9,6,4,99,2023,98,743,FALSE,3,31.19,57.0777,0,0
2023/4/10,0,4,100,2023,99,555,FALSE,3,19.75,32.39,0,0
2023/4/11,1,4,101,2023,100,597,FALSE,5,31.48,72.404,0,0
2023/4/12,2,4,102,2023,101,601,FALSE,5,32.83,52.8563,0,0
2023/4/13,3,4,103,2023,102,577,FALSE,3,26.65,65.559,0,0
2023/4/14,4,4,104,2023,103,579,FALSE,3,30.22,68.5994,0,0
2023/4/15,5,4,105,2023,104,685,FALSE,3,20.68,45.7028,0,0
2023/4/16,6,4,106,2023,105,754,FALSE,5,23.85,41.499,0,0
2023/4/17,0,4,107,2023,106,617,FALSE,5,28.38,64.1388,0,0
2023/4/18,1,4,108,2023,107,643,FALSE,5,28.45,43.244,0,0
2023/4/19,2,4,109,2023,108,619,FALSE,7,31.76,65.108,0,0
2023/4/20,3,4,110,2023,109,583,FALSE,3,24.07,43.5667,0,0
2023/4/21,4,4,111,2023,110,543,FALSE,3,28.29,65.9157,0,0
2023/4/22,5,4,112,2023,111,687,FALSE,3,27.55,62.263,0,0
2023/4/23,6,4,113,2023,112,741,FALSE,3,32.64,64.9536,0,0
2023/4/24,0,4,114,2023,113,632,FALSE,5,37.11,73.1067,0,0
2023/4/25,1,4,115,2023,114,629,FALSE,3,38.6,60.602,0,0
2023/4/26,2,4,116,2023,115,617,FALSE,5,22.16,38.3368,0,0
2023/4/27,3,4,117,2023,116,581,FALSE,5,29.76,65.7696,0,0
2023/4/28,4,4,118,2023,117,562,FALSE,5,24.44,38.3708,0,0
2023/4/29,5,4,119,2023,118,719,FALSE,3,29.68,67.9672,0,0
2023/4/30,6,4,120,2023,119,758,FALSE,7,32.11,79.6328,0,0
2023/5/1,0,5,121,2023,120,799,TRUE,7,30.41,48.0478,1,0
2023/5/2,1,5,122,2023,121,603,FALSE,3,29.75,58.31,0,0
2023/5/3,2,5,123,2023,122,646,FALSE,3,37.42,77.8336,0,0
2023/5/4,3,5,124,2023,123,535,FALSE,5,33.6,77.616,0,0
2023/5/5,4,5,125,2023,124,610,FALSE,7,28.64,47.256,0,0
2023/5/6,5,5,126,2023,125,745,FALSE,7,30.12,56.0232,0,0
2023/5/7,6,5,127,2023,126,701,FALSE,3,34.35,80.379,0,0
2023/5/8,0,5,128,2023,127,531,FALSE,5,33.05,66.761,0,0
2023/5/9,1,5,129,2023,128,628,FALSE,5,27.87,46.2642,0,0
2023/5/10,2,5,130,2023,129,583,FALSE,3,21.12,50.0544,0,0
2023/5/11,3,5,131,2023,130,525,FALSE,5,24.08,58.7552,0,0
2023/5/12,4,5,132,2023,131,588,FALSE,3,30.73,68.8352,0,0
2023/5/13,5,5,133,2023,132,641,FALSE,5,21.07,52.0429,0,0
2023/5/14,6,5,134,2023,133,738,FALSE,7,29.24,71.0532,0,0
2023/5/15,0,5,135,2023,134,514,FALSE,7,27.73,44.9226,0,0
2023/5/16,1,5,136,2023,135,665,FALSE,3,35,66.85,0,0
2023/5/17,2,5,137,2023,136,568,FALSE,3,23.41,49.161,0,0
2023/5/18,3,5,138,2023,137,554,FALSE,3,20.34,45.3582,0,0
2023/5/19,4,5,139,2023,138,603,FALSE,3,27.9,56.916,0,0
2023/5/20,5,5,140,2023,139,629,FALSE,5,33.17,71.3155,0,0
2023/5/21,6,5,141,2023,140,724,FALSE,3,35.35,57.267,0,0
2023/5/22,0,5,142,2023,141,573,FALSE,3,25.45,48.6095,0,0
2023/5/23,1,5,143,2023,142,562,FALSE,7,32.35,48.8485,0,0
2023/5/24,2,5,144,2023,143,589,FALSE,5,24.44,52.546,0,0
2023/5/25,3,5,145,2023,144,564,FALSE,3,26.26,43.5916,0,0
2023/5/26,4,5,146,2023,145,594,FALSE,5,32.84,62.396,0,0
2023/5/27,5,5,147,2023,146,621,FALSE,5,33.59,67.18,0,0
2023/5/28,6,5,148,2023,147,669,FALSE,3,25,54.25,0,0
2023/5/29,0,5,149,2023,148,540,FALSE,5,32.37,73.1562,0,0
2023/5/30,1,5,150,2023,149,611,FALSE,5,20.66,45.8652,0,0
2023/5/31,2,5,151,2023,150,582,FALSE,3,28.99,60.0093,0,0
2023/6/1,3,6,152,2023,151,776,TRUE,5,24.33,49.3899,1,0
2023/6/2,4,6,153,2023,152,541,FALSE,3,25.96,61.2656,0,0
2023/6/3,5,6,154,2023,153,656,FALSE,3,23.62,55.9794,0,0
2023/6/4,6,6,155,2023,154,708,FALSE,5,32.77,51.1212,0,0
2023/6/5,0,6,156,2023,155,494,FALSE,3,32.77,58.0029,0,0
2023/6/6,1,6,157,2023,156,648,FALSE,5,26.54,64.2268,0,0
2023/6/7,2,6,158,2023,157,579,FALSE,7,31.88,66.6292,0,0
2023/6/8,3,6,159,2023,158,501,FALSE,5,31.31,51.0353,0,0
2023/6/9,4,6,160,2023,159,571,FALSE,3,29.36,46.0952,0,0
2023/6/10,5,6,161,2023,160,610,FALSE,3,40.79,64.8561,0,0
2023/6/11,6,6,162,2023,161,714,FALSE,5,25.8,58.566,0,0
2023/6/12,0,6,163,2023,162,540,FALSE,5,30.07,51.7204,0,0
2023/6/13,1,6,164,2023,163,558,FALSE,3,28.09,48.8766,0,0
2023/6/14,2,6,165,2023,164,583,FALSE,5,28.14,45.8682,0,0
2023/6/15,3,6,166,2023,165,539,FALSE,5,30.8,64.68,0,0
2023/6/16,4,6,167,2023,166,782,TRUE,3,28.53,57.3453,1,0
2023/6/17,5,6,168,2023,167,937,TRUE,7,25.7,45.746,1,0
2023/6/18,6,6,169,2023,168,944,TRUE,5,30.62,66.1392,1,0
2023/6/19,0,6,170,2023,169,472,FALSE,5,35.91,81.8748,0,0
2023/6/20,1,6,171,2023,170,545,FALSE,5,34.71,86.0808,0,0
2023/6/21,2,6,172,2023,171,519,FALSE,3,31.02,61.4196,0,0
2023/6/22,3,6,173,2023,172,514,FALSE,7,26.32,50.2712,0,0
2023/6/23,4,6,174,2023,173,540,FALSE,5,30.93,55.3647,0,0
2023/6/24,5,6,175,2023,174,626,FALSE,7,35.42,80.7576,0,0
2023/6/25,6,6,176,2023,175,694,FALSE,3,35.96,88.8212,0,0
2023/6/26,0,6,177,2023,176,484,FALSE,3,31.8,66.78,0,0
2023/6/27,1,6,178,2023,177,604,FALSE,3,28.18,60.3052,0,0
2023/6/28,2,6,179,2023,178,525,FALSE,3,28.99,63.4881,0,0
2023/6/29,3,6,180,2023,179,587,FALSE,3,33.86,65.0112,0,0
2023/6/30,4,6,181,2023,180,538,FALSE,5,33.43,57.4996,0,0
2023/7/1,5,7,182,2023,181,825,TRUE,3,21.21,37.3296,1,0
2023/7/2,6,7,183,2023,182,626,FALSE,3,33.29,70.5748,0,0
2023/7/3,0,7,184,2023,183,487,FALSE,5,33.56,71.8184,0,0
2023/7/4,1,7,185,2023,184,543,FALSE,3,25.56,50.0976,0,0
2023/7/5,2,7,186,2023,185,543,FALSE,5,26.18,40.3172,0,0
2023/7/6,3,7,187,2023,186,508,FALSE,3,26.21,62.3798,0,0
2023/7/7,4,7,188,2023,187,506,FALSE,5,26.6,46.284,0,0
2023/7/8,5,7,189,2023,188,571,FALSE,7,22.92,47.6736,0,0
2023/7/9,6,7,190,2023,189,602,FALSE,5,31.57,70.7168,0,0
2023/7/10,0,7,191,2023,190,448,FALSE,3,26.07,43.7976,0,0
2023/7/11,1,7,192,2023,191,565,FALSE,5,29.65,58.4105,0,1
2023/7/12,2,7,193,2023,192,517,FALSE,3,27.51,41.265,0,0
2023/7/13,3,7,194,2023,193,446,FALSE,5,31.28,48.484,0,0
2023/7/14,4,7,195,2023,194,503,FALSE,3,24.95,43.6625,0,0
2023/7/15,5,7,196,2023,195,597,FALSE,5,31.23,67.4568,0,0
2023/7/16,6,7,197,2023,196,611,FALSE,3,31.95,76.3605,0,0
2023/7/17,0,7,198,2023,197,455,FALSE,5,34.14,65.5488,0,0
2023/7/18,1,7,199,2023,198,530,FALSE,3,39.84,60.9552,0,0
2023/7/19,2,7,200,2023,199,466,FALSE,3,19.54,34.9766,0,0
2023/7/20,3,7,201,2023,200,483,FALSE,5,31.6,77.736,0,0
2023/7/21,4,7,202,2023,201,504,FALSE,3,26.45,42.5845,0,0
2023/7/22,5,7,203,2023,202,608,FALSE,5,20.37,46.0362,0,0
2023/7/23,6,7,204,2023,203,659,FALSE,7,34.21,76.9725,0,0
2023/7/24,0,7,205,2023,204,399,FALSE,5,36.66,76.6194,0,0
2023/7/25,1,7,206,2023,205,490,FALSE,5,28.04,68.1372,0,0
2023/7/26,2,7,207,2023,206,506,FALSE,3,31.05,66.447,0,0
2023/7/27,3,7,208,2023,207,478,FALSE,5,29.68,73.3096,0,0
2023/7/28,4,7,209,2023,208,492,FALSE,5,32.17,74.9561,0,0
2023/7/29,5,7,210,2023,209,681,FALSE,3,34.4,78.776,0,0
2023/7/30,6,7,211,2023,210,635,FALSE,5,31.72,77.714,0,0
2023/7/31,0,7,212,2023,211,464,FALSE,5,31.73,67.2676,0,0
2023/8/1,1,8,213,2023,212,740,TRUE,3,36.3,66.066,1,0
2023/8/2,2,8,214,2023,213,500,FALSE,5,29.18,46.688,0,0
2023/8/3,3,8,215,2023,214,443,FALSE,3,34.62,75.8178,0,0
2023/8/4,4,8,216,2023,215,490,FALSE,3,25.89,52.2978,0,0
2023/8/5,5,8,217,2023,216,533,FALSE,3,38.04,71.8956,0,0
2023/8/6,6,8,218,2023,217,601,FALSE,3,33.69,82.5405,0,0
2023/8/7,0,8,219,2023,218,406,FALSE,5,27.98,67.4318,0,0
2023/8/8,1,8,220,2023,219,502,FALSE,3,19.43,36.5284,0,0
2023/8/9,2,8,221,2023,220,541,FALSE,3,30,73.5,0,0
2023/8/10,3,8,222,2023,221,388,FALSE,7,24.09,46.4937,0,0
2023/8/11,4,8,223,2023,222,479,FALSE,3,31.5,53.865,0,0
2023/8/12,5,8,224,2023,223,500,FALSE,7,37.26,78.9912,0,0
2023/8/13,6,8,225,2023,224,586,FALSE,7,30.8,48.972,0,1
2023/8/14,0,8,226,2023,225,445,FALSE,3,29.11,48.0315,0,0
2023/8/15,1,8,227,2023,226,493,FALSE,3,31.71,73.2501,0,0
2023/8/16,2,8,228,2023,227,431,FALSE,5,31.43,72.9176,0,0
2023/8/17,3,8,229,2023,228,414,FALSE,3,18.19,31.6506,0,0
2023/8/18,4,8,230,2023,229,471,FALSE,3,31.2,70.2,0,0
2023/8/19,5,8,231,2023,230,519,FALSE,3,33.1,81.757,0,0
2023/8/20,6,8,232,2023,231,600,FALSE,3,28.7,70.602,0,0
2023/8/21,0,8,233,2023,232,406,FALSE,3,34.89,67.6866,0,0
2023/8/22,1,8,234,2023,233,465,FALSE,5,29.36,69.2896,0,0
2023/8/23,2,8,235,2023,234,521,FALSE,7,33.83,69.6898,0,0
2023/8/24,3,8,236,2023,235,448,FALSE,3,41.37,85.2222,0,0
2023/8/25,4,8,237,2023,236,383,FALSE,3,29.52,51.3648,0,0
2023/8/26,5,8,238,2023,237,540,FALSE,7,20.29,38.1452,0,0
2023/8/27,6,8,239,2023,238,567,FALSE,5,28.32,48.4272,0,0
2023/8/28,0,8,240,2023,239,424,FALSE,5,21.37,47.8688,0,0
2023/8/29,1,8,241,2023,240,455,FALSE,3,33.06,70.7484,0,0
2023/8/30,2,8,242,2023,241,447,FALSE,3,36.55,84.065,0,0
2023/8/31,3,8,243,2023,242,438,FALSE,7,33.48,70.9776,0,0
2023/9/1,4,9,244,2023,243,640,TRUE,3,31.6,56.248,1,0
2023/9/2,5,9,245,2023,244,493,FALSE,3,26.78,65.611,0,0
2023/9/3,6,9,246,2023,245,572,FALSE,3,37.88,81.442,0,1
2023/9/4,0,9,247,2023,246,380,FALSE,7,33.77,66.8646,0,0
2023/9/5,1,9,248,2023,247,454,FALSE,3,31.42,71.6376,0,0
2023/9/6,2,9,249,2023,248,499,FALSE,5,31.02,54.285,0,0
2023/9/7,3,9,250,2023,249,431,FALSE,5,30.56,70.5936,0,0
2023/9/8,4,9,251,2023,250,397,FALSE,3,32.26,59.3584,0,0
2023/9/9,5,9,252,2023,251,553,FALSE,3,26.93,42.2801,0,0
2023/9/10,6,9,253,2023,252,642,FALSE,5,37.63,85.7964,0,0
2023/9/11,0,9,254,2023,253,421,FALSE,3,30.76,51.9844,0,0
2023/9/12,1,9,255,2023,254,425,FALSE,3,33,70.62,0,0
2023/9/13,2,9,256,2023,255,428,FALSE,7,27.83,49.2591,0,0
2023/9/14,3,9,257,2023,256,454,FALSE,5,31.87,69.7953,0,0
2023/9/15,4,9,258,2023,257,410,FALSE,7,18.59,30.3017,0,0
2023/9/16,5,9,259,2023,258,536,FALSE,3,24.41,51.7492,0,0
2023/9/17,6,9,260,2023,259,600,FALSE,3,29.84,50.4296,0,0
2023/9/18,0,9,261,2023,260,360,FALSE,5,23.39,46.78,0,0
2023/9/19,1,9,262,2023,261,466,FALSE,3,42.2,100.014,0,0
2023/9/20,2,9,263,2023,262,344,FALSE,7,21.66,42.8868,0,0
2023/9/21,3,9,264,2023,263,383,FALSE,3,31.73,72.0271,0,0
2023/9/22,4,9,265,2023,264,422,FALSE,3,38.28,63.162,0,0
2023/9/23,5,9,266,2023,265,484,FALSE,3,32.41,70.0056,0,0
2023/9/24,6,9,267,2023,266,625,FALSE,3,28.45,46.9425,0,0
2023/9/25,0,9,268,2023,267,344,FALSE,3,27.24,61.8348,0,0
2023/9/26,1,9,269,2023,268,454,FALSE,3,33.37,73.7477,0,0
2023/9/27,2,9,270,2023,269,445,FALSE,5,26,49.4,0,0
2023/9/28,3,9,271,2023,270,457,FALSE,3,29.4,57.918,0,0
2023/9/29,4,9,272,2023,271,387,FALSE,3,33.46,55.8782,0,0
2023/9/30,5,9,273,2023,272,557,FALSE,3,28.46,60.9044,0,0
2023/10/1,6,10,274,2023,273,807,TRUE,3,30.44,73.3604,1,0
2023/10/2,0,10,275,2023,274,358,FALSE,5,28.48,58.6688,0,0
2023/10/3,1,10,276,2023,275,482,FALSE,3,25.15,45.773,0,0
2023/10/4,2,10,277,2023,276,448,FALSE,5,35.95,68.6645,0,0
2023/10/5,3,10,278,2023,277,397,FALSE,3,36.97,63.5884,0,0
2023/10/6,4,10,279,2023,278,433,FALSE,5,28.42,55.1348,0,0
2023/10/7,5,10,280,2023,279,512,FALSE,3,28.67,57.34,0,0
2023/10/8,6,10,281,2023,280,582,FALSE,7,29.11,71.0284,0,0
2023/10/9,0,10,282,2023,281,409,FALSE,3,32.69,63.0917,0,0
2023/10/10,1,10,283,2023,282,518,FALSE,3,25.47,60.1092,0,0
2023/10/11,2,10,284,2023,283,407,FALSE,5,29.56,49.3652,0,0
2023/10/12,3,10,285,2023,284,481,FALSE,3,31.31,64.1855,0,0
2023/10/13,4,10,286,2023,285,375,FALSE,5,33.21,69.4089,0,0
2023/10/14,5,10,287,2023,286,522,FALSE,7,16.1,33.649,0,0
2023/10/15,6,10,288,2023,287,599,FALSE,7,32.02,64.04,0,0
2023/10/16,0,10,289,2023,288,401,FALSE,5,31.73,72.0271,0,0
2023/10/17,1,10,290,2023,289,456,FALSE,7,35.04,58.5168,0,0
2023/10/18,2,10,291,2023,290,442,FALSE,3,27.37,42.9709,0,0
2023/10/19,3,10,292,2023,291,406,FALSE,7,27.41,44.9524,0,0
2023/10/20,4,10,293,2023,292,421,FALSE,3,36.01,74.1806,0,0
2023/10/21,5,10,294,2023,293,557,FALSE,7,22.18,38.815,0,0
2023/10/22,6,10,295,2023,294,597,FALSE,3,38.15,85.456,0,0
2023/10/23,0,10,296,2023,295,376,FALSE,7,42.78,66.7368,0,0
2023/10/24,1,10,297,2023,296,506,FALSE,5,32.39,78.0599,0,0
2023/10/25,2,10,298,2023,297,462,FALSE,5,34.07,83.4715,0,0
2023/10/26,3,10,299,2023,298,451,FALSE,3,22.55,51.6395,0,0
2023/10/27,4,10,300,2023,299,463,FALSE,5,26.53,63.1414,0,0
2023/10/28,5,10,301,2023,300,513,FALSE,3,35.29,66.3452,0,0
2023/10/29,6,10,302,2023,301,576,FALSE,5,31.81,52.8046,0,0
2023/10/30,0,10,303,2023,302,425,FALSE,3,29.09,49.453,0,0
2023/10/31,1,10,304,2023,303,504,FALSE,3,31.16,62.32,0,0
2023/11/1,2,11,305,2023,304,643,TRUE,3,32.53,70.2648,1,0
2023/11/2,3,11,306,2023,305,437,FALSE,7,28.53,59.0571,0,0
2023/11/3,4,11,307,2023,306,489,FALSE,3,29.86,47.776,0,0
2023/11/4,5,11,308,2023,307,527,FALSE,5,29.82,66.4986,0,0
2023/11/5,6,11,309,2023,308,617,FALSE,5,24.74,56.6546,0,0
2023/11/6,0,11,310,2023,309,404,FALSE,3,31.62,48.3786,0,0
2023/11/7,1,11,311,2023,310,487,FALSE,5,39.02,76.4792,0,0
2023/11/8,2,11,312,2023,311,500,FALSE,5,38.66,75.0004,0,0
2023/11/9,3,11,313,2023,312,466,FALSE,3,22.62,35.5134,0,0
2023/11/10,4,11,314,2023,313,667,TRUE,3,32.85,55.188,1,0
2023/11/11,5,11,315,2023,314,813,TRUE,3,33.38,77.1078,1,0
2023/11/12,6,11,316,2023,315,853,TRUE,7,27.95,58.136,1,0
2023/11/13,0,11,317,2023,316,439,FALSE,5,25.18,43.3096,0,0
2023/11/14,1,11,318,2023,317,493,FALSE,7,23.4,45.864,0,0
2023/11/15,2,11,319,2023,318,486,FALSE,5,27.78,65.283,0,0
2023/11/16,3,11,320,2023,319,446,FALSE,5,31.75,50.8,0,0
2023/11/17,4,11,321,2023,320,471,FALSE,3,29.21,71.8566,0,0
2023/11/18,5,11,322,2023,321,581,FALSE,3,26.95,44.198,0,0
2023/11/19,6,11,323,2023,322,594,FALSE,7,23.75,42.5125,0,0
2023/11/20,0,11,324,2023,323,491,FALSE,3,31.75,53.34,0,0
2023/11/21,1,11,325,2023,324,482,FALSE,3,35.33,69.6001,0,0
2023/11/22,2,11,326,2023,325,450,FALSE,3,25.37,45.9197,0,0
2023/11/23,3,11,327,2023,326,495,FALSE,3,32.24,80.2776,0,0
2023/11/24,4,11,328,2023,327,502,FALSE,7,20.6,31.312,0,0
2023/11/25,5,11,329,2023,328,592,FALSE,3,26.71,48.6122,0,0
2023/11/26,6,11,330,2023,329,649,FALSE,7,33.65,70.3285,0,0
2023/11/27,0,11,331,2023,330,439,FALSE,5,24.41,44.9144,0,0
2023/11/28,1,11,332,2023,331,496,FALSE,7,26.98,52.8808,0,0
2023/11/29,2,11,333,2023,332,499,FALSE,5,37.09,71.5837,0,0
2023/11/30,3,11,334,2023,333,451,FALSE,5,26.34,41.8806,0,0
2023/12/1,4,12,335,2023,334,714,TRUE,3,25.73,55.3195,1,0
2023/12/2,5,12,336,2023,335,580,FALSE,3,32.88,76.6104,0,0
2023/12/3,6,12,337,2023,336,617,FALSE,3,39.77,80.7331,0,0
2023/12/4,0,12,338,2023,337,441,FALSE,5,28.8,47.52,0,0
2023/12/5,1,12,339,2023,338,547,FALSE,3,33.84,67.0032,0,0
2023/12/6,2,12,340,2023,339,492,FALSE,3,36.73,55.4623,0,0
2023/12/7,3,12,341,2023,340,458,FALSE,7,31.63,76.2283,0,0
2023/12/8,4,12,342,2023,341,508,FALSE,7,28.65,49.851,0,0
2023/12/9,5,12,343,2023,342,604,FALSE,3,25.62,61.488,0,0
2023/12/10,6,12,344,2023,343,638,FALSE,5,22.87,47.5696,0,0
2023/12/11,0,12,345,2023,344,448,FALSE,3,35.56,88.1888,0,0
2023/12/12,1,12,346,2023,345,773,TRUE,3,30.9,72.615,1,0
2023/12/13,2,12,347,2023,346,478,FALSE,3,36.66,55.3566,0,0
2023/12/14,3,12,348,2023,347,453,FALSE,3,34.94,53.1088,0,0
2023/12/15,4,12,349,2023,348,492,FALSE,7,26.92,60.3008,0,0
2023/12/16,5,12,350,2023,349,603,FALSE,5,24.07,48.6214,0,0
2023/12/17,6,12,351,2023,350,676,FALSE,5,32.06,72.4556,0,0
2023/12/18,0,12,352,2023,351,519,FALSE,7,26.84,56.0956,0,0
2023/12/19,1,12,353,2023,352,585,FALSE,3,31.88,55.1524,0,0
2023/12/20,2,12,354,2023,353,529,FALSE,3,26.34,60.3186,0,0
2023/12/21,3,12,355,2023,354,507,FALSE,3,25.69,39.3057,0,0
2023/12/22,4,12,356,2023,355,496,FALSE,3,29.3,67.683,0,0
2023/12/23,5,12,357,2023,356,622,FALSE,3,34.67,75.2339,0,0
2023/12/24,6,12,358,2023,357,671,FALSE,3,31.53,68.4201,0,0
2023/12/25,0,12,359,2023,358,497,FALSE,5,35.89,55.2706,0,0
2023/12/26,1,12,360,2023,359,548,FALSE,3,23.83,40.7493,0,0
2023/12/27,2,12,361,2023,360,562,FALSE,5,24.71,49.1729,0,0
2023/12/28,3,12,362,2023,361,567,FALSE,3,29.55,57.327,0,0
2023/12/29,4,12,363,2023,362,536,FALSE,5,40.83,62.4699,0,0
2023/12/30,5,12,364,2023,363,648,FALSE,3,33.37,61.4008,0,0
2023/12/31,6,12,365,2023,364,714,FALSE,3,24.67,60.9349,0,0
2024/1/1,0,1,1,2024,365,689,TRUE,5,29.62,53.6122,1,0
2024/1/2,1,1,2,2024,366,593,FALSE,5,31.1,66.243,0,0
2024/1/3,2,1,3,2024,367,561,FALSE,3,27.16,59.2088,0,0
2024/1/4,3,1,4,2024,368,537,FALSE,5,33.07,70.1084,0,0
2024/1/5,4,1,5,2024,369,530,FALSE,5,29.22,52.3038,0,0
2024/1/6,5,1,6,2024,370,650,FALSE,7,28.5,58.995,0,0
2024/1/7,6,1,7,2024,371,722,FALSE,5,36.3,79.86,0,0
2024/1/8,0,1,8,2024,372,557,FALSE,3,21.45,40.326,0,0
2024/1/9,1,1,9,2024,373,628,FALSE,5,25.19,44.8382,0,0
2024/1/10,2,1,10,2024,374,638,FALSE,5,25.91,45.8607,0,0
2024/1/11,3,1,11,2024,375,524,FALSE,3,25.76,62.3392,0,0
2024/1/12,4,1,12,2024,376,592,FALSE,5,26.36,56.4104,0,0
2024/1/13,5,1,13,2024,377,668,FALSE,3,32.44,72.99,0,0
2024/1/14,6,1,14,2024,378,785,FALSE,5,35.48,73.4436,0,0
2024/1/15,0,1,15,2024,379,502,FALSE,3,34.58,73.6554,0,0
2024/1/16,1,1,16,2024,380,587,FALSE,3,24.9,44.322,0,0
2024/1/17,2,1,17,2024,381,568,FALSE,7,29.46,70.4094,0,0
2024/1/18,3,1,18,2024,382,496,FALSE,5,32.26,64.52,0,0
2024/1/19,4,1,19,2024,383,563,FALSE,5,31.2,72.072,0,0
2024/1/20,5,1,20,2024,384,652,FALSE,5,36.53,73.7906,0,0
2024/1/21,6,1,21,2024,385,737,FALSE,3,26.62,43.1244,0,0
2024/1/22,0,1,22,2024,386,549,FALSE,3,30.78,49.5558,0,0
2024/1/23,1,1,23,2024,387,681,FALSE,5,28.03,54.9388,0,0
2024/1/24,2,1,24,2024,388,627,FALSE,5,31.26,60.3318,0,0
2024/1/25,3,1,25,2024,389,555,FALSE,3,24.61,59.3101,0,0
2024/1/26,4,1,26,2024,390,564,FALSE,3,25.36,41.3368,0,0
2024/1/27,5,1,27,2024,391,702,FALSE,3,26.35,57.7065,0,0
2024/1/28,6,1,28,2024,392,705,FALSE,7,27.18,65.7756,0,0
2024/1/29,0,1,29,2024,393,606,FALSE,3,37.74,72.0834,0,0
2024/1/30,1,1,30,2024,394,672,FALSE,3,35.88,85.3944,0,0
2024/1/31,2,1,31,2024,395,596,FALSE,3,28.94,47.4616,0,0
2024/2/1,3,2,32,2024,396,766,TRUE,3,30.86,49.6846,1,0
2024/2/2,4,2,33,2024,397,643,FALSE,3,22.03,38.1119,0,0
2024/2/3,5,2,34,2024,398,695,FALSE,3,29.1,58.782,0,0
2024/2/4,6,2,35,2024,399,794,FALSE,5,30.8,66.22,0,0
2024/2/5,0,2,36,2024,400,514,FALSE,3,35.73,81.1071,0,0
2024/2/6,1,2,37,2024,401,630,FALSE,3,31.63,71.8001,0,0
2024/2/7,2,2,38,2024,402,621,FALSE,7,32.16,51.7776,0,0
2024/2/8,3,2,39,2024,403,596,FALSE,3,31.49,74.6313,0,0
2024/2/9,4,2,40,2024,404,599,FALSE,7,31.35,50.4735,0,0
2024/2/10,5,2,41,2024,405,728,FALSE,3,23.02,55.248,0,0
2024/2/11,6,2,42,2024,406,735,FALSE,5,27.92,68.6832,0,0
2024/2/12,0,2,43,2024,407,568,FALSE,3,37.17,77.3136,0,0
2024/2/13,1,2,44,2024,408,662,FALSE,3,34.12,74.7228,0,0
2024/2/14,2,2,45,2024,409,647,FALSE,3,32.47,60.7189,0,0
2024/2/15,3,2,46,2024,410,626,FALSE,3,30.33,62.1765,0,0
2024/2/16,4,2,47,2024,411,589,FALSE,3,33.3,77.589,0,0
2024/2/17,5,2,48,2024,412,674,FALSE,7,25.28,41.9648,0,0
2024/2/18,6,2,49,2024,413,815,FALSE,5,22.1,44.2,0,0
2024/2/19,0,2,50,2024,414,592,FALSE,3,28.09,53.6519,0,0
2024/2/20,1,2,51,2024,415,645,FALSE,5,32.69,77.4753,0,0
2024/2/21,2,2,52,2024,416,687,FALSE,3,30.54,49.7802,0,0
2024/2/22,3,2,53,2024,417,617,FALSE,3,35.07,83.8173,0,0
2024/2/23,4,2,54,2024,418,667,FALSE,3,31.76,55.58,0,1
2024/2/24,5,2,55,2024,419,730,FALSE,7,30.22,63.7642,0,0
2024/2/25,6,2,56,2024,420,848,FALSE,5,36.64,68.8832,0,0
2024/2/26,0,2,57,2024,421,643,FALSE,3,35.66,86.6538,0,0
2024/2/27,1,2,58,2024,422,668,FALSE,7,29.51,50.167,0,0
2024/2/28,2,2,59,2024,423,678,FALSE,5,24.48,48.96,0,0
2024/2/29,3,2,60,2024,424,641,FALSE,3,25.46,44.0458,0,0
2024/3/1,4,3,61,2024,425,936,TRUE,7,29.19,67.137,1,0
2024/3/2,5,3,62,2024,426,707,FALSE,7,28.17,49.8609,0,0
2024/3/3,6,3,63,2024,427,814,FALSE,3,38.29,93.8105,0,0
2024/3/4,0,3,64,2024,428,629,FALSE,5,21.6,52.272,0,0
2024/3/5,1,3,65,2024,429,630,FALSE,3,29.68,58.7664,0,0
2024/3/6,2,3,66,2024,430,620,FALSE,3,24.67,37.2517,0,0
2024/3/7,3,3,67,2024,431,567,FALSE,3,30.58,75.5326,0,0
2024/3/8,4,3,68,2024,432,637,FALSE,3,31.91,69.8829,0,0
2024/3/9,5,3,69,2024,433,764,FALSE,3,27.98,55.6802,0,0
2024/3/10,6,3,70,2024,434,845,FALSE,3,32.65,68.565,0,0
2024/3/11,0,3,71,2024,435,605,FALSE,3,29.01,46.7061,0,0
2024/3/12,1,3,72,2024,436,737,FALSE,7,29.1,48.306,0,0
2024/3/13,2,3,73,2024,437,619,FALSE,3,27.91,59.7274,0,0
2024/3/14,3,3,74,2024,438,582,FALSE,5,33.25,51.5375,0,0
2024/3/15,4,3,75,2024,439,649,FALSE,3,30.69,67.518,0,0
2024/3/16,5,3,76,2024,440,759,FALSE,3,37.87,91.6454,0,0
2024/3/17,6,3,77,2024,441,804,FALSE,3,36.35,80.3335,0,0
2024/3/18,0,3,78,2024,442,545,FALSE,7,32.77,67.5062,0,0
2024/3/19,1,3,79,2024,443,690,FALSE,3,19.2,43.968,0,0
2024/3/20,2,3,80,2024,444,626,FALSE,3,22.58,50.805,0,0
2024/3/21,3,3,81,2024,445,657,FALSE,7,34.93,73.0037,0,0
2024/3/22,4,3,82,2024,446,665,FALSE,7,27.62,46.954,0,0
2024/3/23,5,3,83,2024,447,723,FALSE,3,31.17,47.0667,0,0
2024/3/24,6,3,84,2024,448,793,FALSE,5,26.85,52.626,0,1
2024/3/25,0,3,85,2024,449,578,FALSE,3,32.59,56.7066,0,0
2024/3/26,1,3,86,2024,450,694,FALSE,3,34.79,60.1867,0,0
2024/3/27,2,3,87,2024,451,696,FALSE,5,23.95,48.1395,0,0
2024/3/28,3,3,88,2024,452,610,FALSE,3,25.93,48.7484,0,0
2024/3/29,4,3,89,2024,453,672,FALSE,5,21.68,43.36,0,0
2024/3/30,5,3,90,2024,454,737,FALSE,7,31.17,55.1709,0,0
2024/3/31,6,3,91,2024,455,787,FALSE,3,21.67,45.7237,0,0
2024/4/1,0,4,92,2024,456,853,TRUE,3,28.17,59.7204,1,0
2024/4/2,1,4,93,2024,457,666,FALSE,3,32.6,55.746,0,0
2024/4/3,2,4,94,2024,458,652,FALSE,5,40.29,83.4003,0,0
2024/4/4,3,4,95,2024,459,604,FALSE,7,31.84,62.088,0,0
2024/4/5,4,4,96,2024,460,716,FALSE,3,36.26,89.5622,0,0
2024/4/6,5,4,97,2024,461,755,FALSE,3,31.3,69.486,0,0
2024/4/7,6,4,98,2024,462,790,FALSE,5,31.55,53.004,0,0
2024/4/8,0,4,99,2024,463,618,FALSE,7,28.95,68.901,0,0
2024/4/9,1,4,100,2024,464,694,FALSE,5,28.08,55.5984,0,0
2024/4/10,2,4,101,2024,465,662,FALSE,3,35.87,84.2945,0,0
2024/4/11,3,4,102,2024,466,658,FALSE,5,31.87,74.2571,0,0
2024/4/12,4,4,103,2024,467,679,FALSE,3,31.68,48.1536,0,0
2024/4/13,5,4,104,2024,468,737,FALSE,3,26.96,46.6408,0,0
2024/4/14,6,4,105,2024,469,793,FALSE,5,28.27,68.1307,0,0
2024/4/15,0,4,106,2024,470,602,FALSE,3,40.34,91.5718,0,0
2024/4/16,1,4,107,2024,471,627,FALSE,5,29.66,48.6424,0,0
2024/4/17,2,4,108,2024,472,621,FALSE,3,36.63,62.6373,0,0
2024/4/18,3,4,109,2024,473,679,FALSE,3,27.4,58.088,0,0
2024/4/19,4,4,110,2024,474,704,FALSE,7,34.01,60.5378,0,0
2024/4/20,5,4,111,2024,475,744,FALSE,3,31.45,53.465,0,0
2024/4/21,6,4,112,2024,476,825,FALSE,5,27.98,69.3904,0,0
2024/4/22,0,4,113,2024,477,617,FALSE,3,33.24,65.1504,0,0
2024/4/23,1,4,114,2024,478,785,FALSE,5,22.28,45.0056,0,0
2024/4/24,2,4,115,2024,479,697,FALSE,3,32.87,70.6705,0,0
2024/4/25,3,4,116,2024,480,631,FALSE,3,33.93,53.6094,0,0
2024/4/26,4,4,117,2024,481,622,FALSE,5,31.37,59.603,0,0
2024/4/27,5,4,118,2024,482,700,FALSE,5,36.55,88.0855,0,0
2024/4/28,6,4,119,2024,483,811,FALSE,5,29.66,72.3704,0,0
2024/4/29,0,4,120,2024,484,581,FALSE,3,29.25,58.5,0,0
2024/4/30,1,4,121,2024,485,646,FALSE,3,31.78,75.9542,0,0
2024/5/1,2,5,122,2024,486,904,TRUE,3,34.34,68.68,1,1
2024/5/2,3,5,123,2024,487,597,FALSE,3,32.85,81.7965,0,0
2024/5/3,4,5,124,2024,488,697,FALSE,5,28.87,66.1123,0,0
2024/5/4,5,5,125,2024,489,769,FALSE,3,25.02,58.2966,0,0
2024/5/5,6,5,126,2024,490,799,FALSE,5,33.32,56.3108,0,0
2024/5/6,0,5,127,2024,491,642,FALSE,7,26.05,39.075,0,0
2024/5/7,1,5,128,2024,492,686,FALSE,7,25.91,51.82,0,0
2024/5/8,2,5,129,2024,493,628,FALSE,3,26.73,66.2904,0,0
2024/5/9,3,5,130,2024,494,670,FALSE,3,30.29,74.8163,0,0
2024/5/10,4,5,131,2024,495,657,FALSE,7,26.02,54.9022,0,0
2024/5/11,5,5,132,2024,496,706,FALSE,7,24.32,40.8576,0,0
2024/5/12,6,5,133,2024,497,788,FALSE,7,26.71,40.3321,0,0
2024/5/13,0,5,134,2024,498,565,FALSE,3,29.08,58.16,0,0
2024/5/14,1,5,135,2024,499,635,FALSE,5,32.27,58.086,0,1
2024/5/15,2,5,136,2024,500,675,FALSE,3,30.34,55.8256,0,1
2024/5/16,3,5,137,2024,501,674,FALSE,3,24.6,57.318,0,0
2024/5/17,4,5,138,2024,502,591,FALSE,7,31.14,49.5126,0,0
2024/5/18,5,5,139,2024,503,747,FALSE,3,31.61,50.2599,0,0
2024/5/19,6,5,140,2024,504,767,FALSE,7,27.73,53.7962,0,0
2024/5/20,0,5,141,2024,505,569,FALSE,3,26.02,49.6982,0,0
2024/5/21,1,5,142,2024,506,651,FALSE,3,26.02,40.5912,0,0
2024/5/22,2,5,143,2024,507,613,FALSE,3,27.34,56.047,0,0
2024/5/23,3,5,144,2024,508,611,FALSE,7,41.07,79.2651,0,0
2024/5/24,4,5,145,2024,509,600,FALSE,5,25.55,63.6195,0,0
2024/5/25,5,5,146,2024,510,730,FALSE,5,31.33,49.1881,0,0
2024/5/26,6,5,147,2024,511,777,FALSE,7,26.43,42.8166,0,0
2024/5/27,0,5,148,2024,512,568,FALSE,7,27.47,45.6002,0,0
2024/5/28,1,5,149,2024,513,633,FALSE,3,26.47,48.1754,0,0
2024/5/29,2,5,150,2024,514,613,FALSE,3,34.01,73.4616,0,0
2024/5/30,3,5,151,2024,515,623,FALSE,5,31.9,78.793,0,0
2024/5/31,4,5,152,2024,516,631,FALSE,3,29.35,70.7335,0,0
2024/6/1,5,6,153,2024,517,969,TRUE,7,32.51,63.0694,1,0
2024/6/2,6,6,154,2024,518,772,FALSE,3,33.72,52.9404,0,0
2024/6/3,0,6,155,2024,519,588,FALSE,3,25.75,55.105,0,0
2024/6/4,1,6,156,2024,520,601,FALSE,5,32.74,62.8608,0,0
2024/6/5,2,6,157,2024,521,637,FALSE,3,26.41,40.1432,0,0
2024/6/6,3,6,158,2024,522,571,FALSE,7,34.19,79.3208,0,0
2024/6/7,4,6,159,2024,523,624,FALSE,3,33.7,68.411,0,0
2024/6/8,5,6,160,2024,524,680,FALSE,3,32.02,62.1188,0,0
2024/6/9,6,6,161,2024,525,706,FALSE,3,28.95,64.269,0,0
2024/6/10,0,6,162,2024,526,507,FALSE,3,27.37,64.5932,0,0
2024/6/11,1,6,163,2024,527,643,FALSE,3,28.68,69.6924,0,0
2024/6/12,2,6,164,2024,528,618,FALSE,5,33.85,61.9455,0,0
2024/6/13,3,6,165,2024,529,553,FALSE,5,26.59,44.6712,0,1
2024/6/14,4,6,166,2024,530,615,FALSE,3,30.25,55.3575,0,0
2024/6/15,5,6,167,2024,531,643,FALSE,7,21.26,52.7248,0,0
2024/6/16,6,6,168,2024,532,1048,TRUE,5,31.3,50.08,1,0
2024/6/17,0,6,169,2024,533,727,TRUE,3,24.82,60.809,1,0
2024/6/18,1,6,170,2024,534,863,TRUE,5,23.41,49.6292,1,0
2024/6/19,2,6,171,2024,535,602,FALSE,3,32.59,49.2109,0,0
2024/6/20,3,6,172,2024,536,544,FALSE,3,31.05,73.278,0,0
2024/6/21,4,6,173,2024,537,574,FALSE,5,27.78,60.5604,0,0
2024/6/22,5,6,174,2024,538,713,FALSE,5,28.49,46.7236,0,0
2024/6/23,6,6,175,2024,539,722,FALSE,5,41.36,76.1024,0,0
2024/6/24,0,6,176,2024,540,559,FALSE,3,29.03,68.8011,0,0
2024/6/25,1,6,177,2024,541,586,FALSE,5,28.99,64.6477,0,0
2024/6/26,2,6,178,2024,542,605,FALSE,5,33.26,60.5332,0,0
2024/6/27,3,6,179,2024,543,602,FALSE,5,30.44,69.7076,0,0
2024/6/28,4,6,180,2024,544,500,FALSE,3,34.94,61.145,0,0
2024/6/29,5,6,181,2024,545,648,FALSE,5,31.39,64.3495,0,0
2024/6/30,6,6,182,2024,546,746,FALSE,5,33.81,82.1583,0,1
2024/7/1,0,7,183,2024,547,726,TRUE,3,32.22,62.5068,1,0
2024/7/2,1,7,184,2024,548,620,FALSE,5,33.23,68.4538,0,0
2024/7/3,2,7,185,2024,549,560,FALSE,7,29.79,67.9212,0,0
2024/7/4,3,7,186,2024,550,550,FALSE,5,31.11,52.887,0,0
2024/7/5,4,7,187,2024,551,559,FALSE,3,28.64,55.848,0,0
2024/7/6,5,7,188,2024,552,696,FALSE,5,33.02,79.9084,0,0
2024/7/7,6,7,189,2024,553,725,FALSE,5,23.27,50.0305,0,1
2024/7/8,0,7,190,2024,554,522,FALSE,3,33.63,73.986,0,0
2024/7/9,1,7,191,2024,555,586,FALSE,5,34.99,86.0754,0,0
2024/7/10,2,7,192,2024,556,553,FALSE,3,33.71,70.4539,0,0
2024/7/11,3,7,193,2024,557,524,FALSE,5,29.48,69.8676,0,0
2024/7/12,4,7,194,2024,558,564,FALSE,3,32.53,80.9997,0,0
2024/7/13,5,7,195,2024,559,638,FALSE,3,26.12,56.9416,0,0
2024/7/14,6,7,196,2024,560,716,FALSE,5,34.19,74.5342,0,0
2024/7/15,0,7,197,2024,561,564,FALSE,3,24.5,41.16,0,0
2024/7/16,1,7,198,2024,562,614,FALSE,5,32.97,64.6212,0,0
2024/7/17,2,7,199,2024,563,547,FALSE,5,32.66,73.1584,0,0
2024/7/18,3,7,200,2024,564,562,FALSE,7,32.03,58.9352,0,0
2024/7/19,4,7,201,2024,565,530,FALSE,5,27.76,44.9712,0,0
2024/7/20,5,7,202,2024,566,579,FALSE,3,33.8,51.376,0,0
2024/7/21,6,7,203,2024,567,667,FALSE,3,20.81,45.1577,0,0
2024/7/22,0,7,204,2024,568,435,FALSE,5,33.89,51.8517,0,0
2024/7/23,1,7,205,2024,569,567,FALSE,3,30.96,61.6104,0,0
2024/7/24,2,7,206,2024,570,547,FALSE,3,35.25,83.895,0,0
2024/7/25,3,7,207,2024,571,566,FALSE,3,31,71.92,0,0
2024/7/26,4,7,208,2024,572,542,FALSE,3,39.19,87.0018,0,0
2024/7/27,5,7,209,2024,573,623,FALSE,7,25.29,59.6844,0,0
2024/7/28,6,7,210,2024,574,712,FALSE,3,33.05,74.3625,0,0
2024/7/29,0,7,211,2024,575,414,FALSE,7,25.57,38.8664,0,0
2024/7/30,1,7,212,2024,576,574,FALSE,5,29.37,57.8589,0,0
2024/7/31,2,7,213,2024,577,560,FALSE,7,33.71,50.9021,0,0
2024/8/1,3,8,214,2024,578,664,TRUE,7,33.13,68.2478,1,0
2024/8/2,4,8,215,2024,579,557,FALSE,7,40.4,70.296,0,0
2024/8/3,5,8,216,2024,580,631,FALSE,5,28.24,54.7856,0,0
2024/8/4,6,8,217,2024,581,666,FALSE,5,36.43,61.931,0,0
2024/8/5,0,8,218,2024,582,490,FALSE,5,28.73,66.6536,0,0
2024/8/6,1,8,219,2024,583,626,FALSE,5,26.5,44.52,0,0
2024/8/7,2,8,220,2024,584,533,FALSE,5,21.89,40.0587,0,0
2024/8/8,3,8,221,2024,585,504,FALSE,5,30.81,46.8312,0,0
2024/8/9,4,8,222,2024,586,500,FALSE,3,27.39,49.5759,0,0
2024/8/10,5,8,223,2024,587,587,FALSE,5,34.24,52.3872,0,0
2024/8/11,6,8,224,2024,588,695,FALSE,5,27.36,53.352,0,0
2024/8/12,0,8,225,2024,589,437,FALSE,3,27.62,42.2586,0,0
2024/8/13,1,8,226,2024,590,552,FALSE,3,31.77,60.0453,0,0
2024/8/14,2,8,227,2024,591,505,FALSE,3,38.61,81.4671,0,0
2024/8/15,3,8,228,2024,592,503,FALSE,3,24.56,59.1896,0,0
2024/8/16,4,8,229,2024,593,516,FALSE,3,35.09,71.9345,0,0
2024/8/17,5,8,230,2024,594,636,FALSE,5,34.37,69.4274,0,0
2024/8/18,6,8,231,2024,595,647,FALSE,3,28.9,44.795,0,0
2024/8/19,0,8,232,2024,596,447,FALSE,5,33.38,62.4206,0,0
2024/8/20,1,8,233,2024,597,513,FALSE,5,28.58,54.0162,0,0
2024/8/21,2,8,234,2024,598,499,FALSE,3,41.86,76.1852,0,0
2024/8/22,3,8,235,2024,599,493,FALSE,3,29.44,70.3616,0,0
2024/8/23,4,8,236,2024,600,521,FALSE,5,30.4,57.76,0,0
2024/8/24,5,8,237,2024,601,571,FALSE,5,28.37,48.5127,0,0
2024/8/25,6,8,238,2024,602,682,FALSE,7,21.53,49.3037,0,0
2024/8/26,0,8,239,2024,603,490,FALSE,7,28.68,66.2508,0,0
2024/8/27,1,8,240,2024,604,549,FALSE,3,31.16,57.646,0,0
2024/8/28,2,8,241,2024,605,563,FALSE,5,37.5,87,0,0
2024/8/29,3,8,242,2024,606,453,FALSE,3,32.46,71.7366,0,0
2024/8/30,4,8,243,2024,607,456,FALSE,3,29.05,46.7705,0,0
2024/8/31,5,8,244,2024,608,539,FALSE,3,30.3,56.661,0,0
2024/9/1,6,9,245,2024,609,957,TRUE,3,31.64,74.354,1,0
2024/9/2,0,9,246,2024,610,463,FALSE,5,28.11,52.5657,0,0
2024/9/3,1,9,247,2024,611,530,FALSE,3,33.41,79.1817,0,0
2024/9/4,2,9,248,2024,612,510,FALSE,3,38.13,74.3535,0,0
2024/9/5,3,9,249,2024,613,438,FALSE,7,28.18,58.0508,0,0
2024/9/6,4,9,250,2024,614,562,FALSE,3,36.04,68.1156,0,0
2024/9/7,5,9,251,2024,615,593,FALSE,3,34.38,72.5418,0,0
2024/9/8,6,9,252,2024,616,651,FALSE,3,32.69,66.0338,0,0
2024/9/9,0,9,253,2024,617,461,FALSE,7,30.56,71.5104,0,0
2024/9/10,1,9,254,2024,618,543,FALSE,7,31.69,78.2743,0,0
2024/9/11,2,9,255,2024,619,505,FALSE,3,28.91,51.7489,0,0
2024/9/12,3,9,256,2024,620,444,FALSE,7,39.18,64.647,0,0
2024/9/13,4,9,257,2024,621,500,FALSE,5,26.41,48.3303,0,0
2024/9/14,5,9,258,2024,622,642,FALSE,5,35.67,78.8307,0,0
2024/9/15,6,9,259,2024,623,685,FALSE,7,37.75,64.5525,0,0
2024/9/16,0,9,260,2024,624,485,FALSE,7,28.38,51.6516,0,0
2024/9/17,1,9,261,2024,625,511,FALSE,3,35.83,87.0669,0,0
2024/9/18,2,9,262,2024,626,466,FALSE,5,30.72,69.12,0,0
2024/9/19,3,9,263,2024,627,462,FALSE,5,30.31,74.2595,0,0
2024/9/20,4,9,264,2024,628,485,FALSE,3,29.63,47.1117,0,1
2024/9/21,5,9,265,2024,629,618,FALSE,3,21.93,43.6407,0,1
2024/9/22,6,9,266,2024,630,593,FALSE,3,32.74,78.576,0,0
2024/9/23,0,9,267,2024,631,482,FALSE,3,37.22,72.2068,0,1
2024/9/24,1,9,268,2024,632,520,FALSE,3,26.48,57.9912,0,0
2024/9/25,2,9,269,2024,633,483,FALSE,7,34.24,57.1808,0,0
2024/9/26,3,9,270,2024,634,435,FALSE,3,29.57,51.7475,0,0
2024/9/27,4,9,271,2024,635,434,FALSE,5,24.54,47.1168,0,0
2024/9/28,5,9,272,2024,636,609,FALSE,3,34.99,63.3319,0,0
2024/9/29,6,9,273,2024,637,647,FALSE,7,38.43,82.2402,0,0
2024/9/30,0,9,274,2024,638,397,FALSE,5,26.03,60.6499,0,0
2024/10/1,1,10,275,2024,639,697,TRUE,3,31.08,57.8088,1,0
2024/10/2,2,10,276,2024,640,486,FALSE,3,22.8,51.528,0,0
2024/10/3,3,10,277,2024,641,517,FALSE,7,29.79,53.0262,0,0
2024/10/4,4,10,278,2024,642,477,FALSE,7,32.43,61.617,0,0
2024/10/5,5,10,279,2024,643,541,FALSE,5,38.76,59.6904,0,0
2024/10/6,6,10,280,2024,644,639,FALSE,3,37.79,61.9756,0,0
2024/10/7,0,10,281,2024,645,430,FALSE,3,38.21,61.5181,0,0
2024/10/8,1,10,282,2024,646,447,FALSE,5,27.36,56.9088,0,0
2024/10/9,2,10,283,2024,647,497,FALSE,7,28.77,61.2801,0,0
2024/10/10,3,10,284,2024,648,462,FALSE,3,21.68,33.8208,0,0
2024/10/11,4,10,285,2024,649,508,FALSE,3,26.42,54.4252,0,0
2024/10/12,5,10,286,2024,650,645,FALSE,3,22.74,51.165,0,0
2024/10/13,6,10,287,2024,651,683,FALSE,3,31.83,63.66,0,0
2024/10/14,0,10,288,2024,652,433,FALSE,3,26.52,51.9792,0,0
2024/10/15,1,10,289,2024,653,498,FALSE,7,24.49,52.1637,0,0
2024/10/16,2,10,290,2024,654,579,FALSE,5,28.22,53.0536,0,0
2024/10/17,3,10,291,2024,655,474,FALSE,3,24.08,50.8088,0,0
2024/10/18,4,10,292,2024,656,492,FALSE,3,31.55,76.351,0,0
2024/10/19,5,10,293,2024,657,593,FALSE,5,31.42,73.837,0,0
2024/10/20,6,10,294,2024,658,660,FALSE,5,28.42,63.6608,0,0
2024/10/21,0,10,295,2024,659,441,FALSE,5,26.35,62.4495,0,0
2024/10/22,1,10,296,2024,660,519,FALSE,3,23.3,41.94,0,0
2024/10/23,2,10,297,2024,661,491,FALSE,7,32.78,73.755,0,0
2024/10/24,3,10,298,2024,662,477,FALSE,3,31.14,55.7406,0,0
2024/10/25,4,10,299,2024,663,480,FALSE,5,32.32,65.2864,0,0
2024/10/26,5,10,300,2024,664,578,FALSE,5,28.47,56.6553,0,0
2024/10/27,6,10,301,2024,665,664,FALSE,7,28.91,44.8105,0,0
2024/10/28,0,10,302,2024,666,444,FALSE,5,37.21,77.0247,0,0
2024/10/29,1,10,303,2024,667,587,FALSE,5,27,54,0,0
2024/10/30,2,10,304,2024,668,434,FALSE,5,28.44,57.4488,0,0
2024/10/31,3,10,305,2024,669,517,FALSE,5,33.72,51.5916,0,0
2024/11/1,4,11,306,2024,670,742,TRUE,3,31.51,58.9237,1,0
2024/11/2,5,11,307,2024,671,544,FALSE,3,19.77,37.9584,0,0
2024/11/3,6,11,308,2024,672,657,FALSE,7,21.56,48.2944,0,0
2024/11/4,0,11,309,2024,673,447,FALSE,3,26.7,59.541,0,0
2024/11/5,1,11,310,2024,674,508,FALSE,3,34.55,64.954,0,0
2024/11/6,2,11,311,2024,675,498,FALSE,3,33.36,63.384,0,0
2024/11/7,3,11,312,2024,676,459,FALSE,5,32.6,72.046,0,0
2024/11/8,4,11,313,2024,677,564,FALSE,3,33.14,63.6288,0,0
2024/11/9,5,11,314,2024,678,643,FALSE,5,25.16,53.0876,0,0
2024/11/10,6,11,315,2024,679,985,TRUE,3,33.01,58.4277,1,0
2024/11/11,0,11,316,2024,680,675,TRUE,5,25.39,39.3545,1,0
2024/11/12,1,11,317,2024,681,748,TRUE,3,34.74,76.0806,1,0
2024/11/13,2,11,318,2024,682,514,FALSE,3,27.45,59.5665,0,0
2024/11/14,3,11,319,2024,683,516,FALSE,3,31.41,49.6278,0,0
2024/11/15,4,11,320,2024,684,484,FALSE,3,20.63,31.3576,0,0
2024/11/16,5,11,321,2024,685,646,FALSE,7,23.26,34.89,0,0
2024/11/17,6,11,322,2024,686,679,FALSE,7,35.45,57.7835,0,0
2024/11/18,0,11,323,2024,687,465,FALSE,3,33.46,57.2166,0,0
2024/11/19,1,11,324,2024,688,590,FALSE,3,23.91,56.4276,0,0
2024/11/20,2,11,325,2024,689,553,FALSE,3,36.43,70.3099,0,0
2024/11/21,3,11,326,2024,690,500,FALSE,3,24.55,52.7825,0,0
2024/11/22,4,11,327,2024,691,565,FALSE,3,30.1,74.347,0,0
2024/11/23,5,11,328,2024,692,602,FALSE,3,27.6,53.544,0,0
2024/11/24,6,11,329,2024,693,715,FALSE,5,25.38,58.374,0,0
2024/11/25,0,11,330,2024,694,504,FALSE,3,35.84,67.7376,0,0
2024/11/26,1,11,331,2024,695,570,FALSE,7,38.42,86.0608,0,0
2024/11/27,2,11,332,2024,696,560,FALSE,7,30.89,54.3664,0,0
2024/11/28,3,11,333,2024,697,484,FALSE,3,37.63,89.9357,0,1
2024/11/29,4,11,334,2024,698,569,FALSE,5,28.59,44.3145,0,0
2024/11/30,5,11,335,2024,699,640,FALSE,5,30.54,59.553,0,0
2024/12/1,6,12,336,2024,700,976,TRUE,7,30.66,76.3434,1,0
2024/12/2,0,12,337,2024,701,529,FALSE,3,24.22,39.7208,0,0
2024/12/3,1,12,338,2024,702,569,FALSE,5,32.5,52,0,0
2024/12/4,2,12,339,2024,703,520,FALSE,3,33.55,61.3965,0,0
2024/12/5,3,12,340,2024,704,487,FALSE,7,29.13,47.7732,0,0
2024/12/6,4,12,341,2024,705,571,FALSE,3,21.54,46.9572,0,0
2024/12/7,5,12,342,2024,706,619,FALSE,5,31.84,67.1824,0,0
2024/12/8,6,12,343,2024,707,773,FALSE,7,22.42,45.5126,0,0
2024/12/9,0,12,344,2024,708,447,FALSE,5,25.94,64.0718,0,0
2024/12/10,1,12,345,2024,709,653,FALSE,3,30.66,55.8012,0,0
2024/12/11,2,12,346,2024,710,580,FALSE,5,26.15,50.731,0,0
2024/12/12,3,12,347,2024,711,761,TRUE,5,31.27,61.2892,1,0
2024/12/13,4,12,348,2024,712,549,FALSE,5,28.87,63.8027,0,0
2024/12/14,5,12,349,2024,713,682,FALSE,3,21.85,37.8005,0,0
2024/12/15,6,12,350,2024,714,732,FALSE,7,30.84,69.6984,0,0
2024/12/16,0,12,351,2024,715,555,FALSE,5,32.93,55.6517,0,0
2024/12/17,1,12,352,2024,716,619,FALSE,3,35.06,86.9488,0,0
2024/12/18,2,12,353,2024,717,591,FALSE,5,28.17,69.0165,0,0
2024/12/19,3,12,354,2024,718,547,FALSE,3,29.69,56.411,0,0
2024/12/20,4,12,355,2024,719,576,FALSE,3,22.52,53.5976,0,0
2024/12/21,5,12,356,2024,720,693,FALSE,5,39.82,75.2598,0,0
2024/12/22,6,12,357,2024,721,695,FALSE,5,37.53,76.5612,0,0
2024/12/23,0,12,358,2024,722,495,FALSE,7,29.84,67.14,0,0
2024/12/24,1,12,359,2024,723,650,FALSE,3,29.38,66.3988,0,0
2024/12/25,2,12,360,2024,724,605,FALSE,5,15.35,36.6865,0,0
2024/12/26,3,12,361,2024,725,565,FALSE,5,35.18,68.9528,0,0
2024/12/27,4,12,362,2024,726,592,FALSE,3,32.81,68.5729,0,0
2024/12/28,5,12,363,2024,727,707,FALSE,7,34.06,70.5042,0,0
2024/12/29,6,12,364,2024,728,743,FALSE,3,27.97,56.2197,0,0
2024/12/30,0,12,365,2024,729,525,FALSE,3,27.65,60.5535,0,0
2024/12/31,1,12,366,2024,730,647,FALSE,5,23.82,41.9232,0,0
2025/1/1,2,1,1,2025,731,827,TRUE,5,33.89,53.2073,1,0
2025/1/2,3,1,2,2025,732,595,FALSE,3,36.26,73.2452,0,0
2025/1/3,4,1,3,2025,733,552,FALSE,3,35.62,68.7466,0,0
2025/1/4,5,1,4,2025,734,739,FALSE,5,30.94,62.8082,0,0
2025/1/5,6,1,5,2025,735,786,FALSE,7,28.37,59.8607,0,0
2025/1/6,0,1,6,2025,736,567,FALSE,5,24.74,46.0164,0,0
2025/1/7,1,1,7,2025,737,683,FALSE,3,26.49,47.9469,0,0
2025/1/8,2,1,8,2025,738,674,FALSE,3,32.34,70.5012,0,0
2025/1/9,3,1,9,2025,739,626,FALSE,5,28.58,54.302,0,0
2025/1/10,4,1,10,2025,740,561,FALSE,5,38.21,89.0293,0,0
2025/1/11,5,1,11,2025,741,683,FALSE,5,35.76,80.8176,0,0
2025/1/12,6,1,12,2025,742,766,FALSE,5,26.99,64.776,0,0
2025/1/13,0,1,13,2025,743,573,FALSE,5,23.92,38.272,0,0
2025/1/14,1,1,14,2025,744,682,FALSE,5,27.26,45.2516,0,0
2025/1/15,2,1,15,2025,745,615,FALSE,5,35.33,74.5463,0,0
2025/1/16,3,1,16,2025,746,614,FALSE,7,27.38,60.5098,0,0
2025/1/17,4,1,17,2025,747,606,FALSE,7,32.73,55.9683,0,0
2025/1/18,5,1,18,2025,748,716,FALSE,7,27.17,41.2984,0,0
2025/1/19,6,1,19,2025,749,755,FALSE,5,31.72,74.8592,0,0
2025/1/20,0,1,20,2025,750,557,FALSE,3,32.64,74.4192,0,0
2025/1/21,1,1,21,2025,751,638,FALSE,3,34.93,84.5306,0,0
2025/1/22,2,1,22,2025,752,620,FALSE,3,37.17,66.5343,0,0
2025/1/23,3,1,23,2025,753,652,FALSE,5,36.55,73.4655,0,0
2025/1/24,4,1,24,2025,754,612,FALSE,3,27.35,60.9905,0,0
2025/1/25,5,1,25,2025,755,826,FALSE,5,29.26,62.3238,0,0
2025/1/26,6,1,26,2025,756,825,FALSE,3,24.13,36.4363,0,0
2025/1/27,0,1,27,2025,757,603,FALSE,5,28.82,57.9282,0,0
2025/1/28,1,1,28,2025,758,665,FALSE,5,30.12,74.6976,0,0
2025/1/29,2,1,29,2025,759,683,FALSE,5,27.98,48.4054,0,0
2025/1/30,3,1,30,2025,760,615,FALSE,3,27.48,53.8608,0,0
2025/1/31,4,1,31,2025,761,656,FALSE,5,35.16,81.2196,0,0
2025/2/1,5,2,32,2025,762,1139,TRUE,5,34.54,61.1358,1,0
2025/2/2,6,2,33,2025,763,819,FALSE,7,32,61.12,0,0
2025/2/3,0,2,34,2025,764,643,FALSE,5,23.61,51.7059,0,0
2025/2/4,1,2,35,2025,765,681,FALSE,5,31,60.45,0,0
2025/2/5,2,2,36,2025,766,672,FALSE,3,28.08,68.796,0,0
2025/2/6,3,2,37,2025,767,697,FALSE,7,36.58,85.963,0,0
2025/2/7,4,2,38,2025,768,645,FALSE,3,20.99,37.5721,0,1
2025/2/8,5,2,39,2025,769,824,FALSE,5,27.21,40.815,0,0
2025/2/9,6,2,40,2025,770,854,FALSE,7,27.07,55.2228,0,0
2025/2/10,0,2,41,2025,771,602,FALSE,3,27.67,65.0245,0,0
2025/2/11,1,2,42,2025,772,732,FALSE,3,34.79,83.8439,0,0
2025/2/12,2,2,43,2025,773,713,FALSE,7,18.24,29.5488,0,0
2025/2/13,3,2,44,2025,774,673,FALSE,5,28.96,69.2144,0,0
2025/2/14,4,2,45,2025,775,627,FALSE,3,34.25,68.5,0,0
2025/2/15,5,2,46,2025,776,758,FALSE,3,34.9,86.552,0,0
2025/2/16,6,2,47,2025,777,836,FALSE,3,27.25,62.675,0,0
2025/2/17,0,2,48,2025,778,626,FALSE,7,26.6,44.422,0,0
2025/2/18,1,2,49,2025,779,741,FALSE,5,31.73,64.4119,0,0
2025/2/19,2,2,50,2025,780,698,FALSE,7,30.76,73.2088,0,0
2025/2/20,3,2,51,2025,781,623,FALSE,5,30.35,70.1085,0,0
2025/2/21,4,2,52,2025,782,694,FALSE,3,10.99,27.1453,0,0
2025/2/22,5,2,53,2025,783,807,FALSE,3,24.36,56.7588,0,0
2025/2/23,6,2,54,2025,784,869,FALSE,3,25.68,63.9432,0,0
2025/2/24,0,2,55,2025,785,670,FALSE,7,33.22,67.1044,0,0
2025/2/25,1,2,56,2025,786,756,FALSE,7,22.8,47.88,0,0
2025/2/26,2,2,57,2025,787,715,FALSE,5,24.77,38.8889,0,0
2025/2/27,3,2,58,2025,788,669,FALSE,3,29.23,55.2447,0,0
2025/2/28,4,2,59,2025,789,641,FALSE,3,23.56,42.8792,0,1
2025/3/1,5,3,60,2025,790,1129,TRUE,3,33.21,80.3682,1,0
2025/3/2,6,3,61,2025,791,866,FALSE,3,28.04,51.3132,0,0
2025/3/3,0,3,62,2025,792,653,FALSE,5,39.16,93.5924,0,0
2025/3/4,1,3,63,2025,793,700,FALSE,3,26.85,46.719,0,0
2025/3/5,2,3,64,2025,794,676,FALSE,3,27.12,56.4096,0,0
2025/3/6,3,3,65,2025,795,710,FALSE,3,34.02,69.0606,0,0
2025/3/7,4,3,66,2025,796,696,FALSE,5,26.72,42.752,0,0
2025/3/8,5,3,67,2025,797,824,FALSE,3,37.56,68.3592,0,0
2025/3/9,6,3,68,2025,798,868,FALSE,3,32.41,80.7009,0,0
2025/3/10,0,3,69,2025,799,651,FALSE,3,28.48,59.5232,0,0
2025/3/11,1,3,70,2025,800,773,FALSE,3,29.2,68.036,0,0
2025/3/12,2,3,71,2025,801,699,FALSE,5,44.25,98.235,0,0
2025/3/13,3,3,72,2025,802,687,FALSE,3,32.44,77.856,0,0
2025/3/14,4,3,73,2025,803,689,FALSE,5,30.75,56.58,0,0
2025/3/15,5,3,74,2025,804,796,FALSE,7,29.34,50.4648,0,0
2025/3/16,6,3,75,2025,805,863,FALSE,5,35.19,55.2483,0,0
2025/3/17,0,3,76,2025,806,662,FALSE,3,22.41,52.4394,0,0
2025/3/18,1,3,77,2025,807,735,FALSE,7,29.09,58.7618,0,0
2025/3/19,2,3,78,2025,808,756,FALSE,3,15.83,35.1426,0,0
2025/3/20,3,3,79,2025,809,661,FALSE,5,27.33,42.6348,0,0
2025/3/21,4,3,80,2025,810,702,FALSE,5,34.24,80.464,0,0
2025/3/22,5,3,81,2025,811,800,FALSE,3,36.91,76.7728,0,0
2025/3/23,6,3,82,2025,812,919,FALSE,3,33.03,53.5086,0,0
2025/3/24,0,3,83,2025,813,665,FALSE,7,33.2,66.4,0,0
2025/3/25,1,3,84,2025,814,783,FALSE,3,21.42,44.982,0,0
2025/3/26,2,3,85,2025,815,677,FALSE,3,26.61,48.9624,0,0
2025/3/27,3,3,86,2025,816,699,FALSE,3,37.37,82.5877,0,0
2025/3/28,4,3,87,2025,817,737,FALSE,3,27.38,56.9504,0,0
2025/3/29,5,3,88,2025,818,818,FALSE,5,29.32,68.6088,0,0
2025/3/30,6,3,89,2025,819,910,FALSE,3,25.97,61.2892,0,0
2025/3/31,0,3,90,2025,820,645,FALSE,3,25.33,39.5148,0,0
2025/4/1,1,4,91,2025,821,1098,TRUE,3,27.65,59.4475,1,0
2025/4/2,2,4,92,2025,822,792,FALSE,7,26.69,59.2518,0,0
2025/4/3,3,4,93,2025,823,681,FALSE,7,34.79,57.0556,0,0
2025/4/4,4,4,94,2025,824,698,FALSE,3,31.08,73.9704,0,0
2025/4/5,5,4,95,2025,825,861,FALSE,5,35.09,82.8124,0,0
2025/4/6,6,4,96,2025,826,927,FALSE,3,23.06,37.8184,0,0
2025/4/7,0,4,97,2025,827,645,FALSE,5,36.13,85.9894,0,0
2025/4/8,1,4,98,2025,828,742,FALSE,3,30.11,64.7365,0,0
2025/4/9,2,4,99,2025,829,715,FALSE,7,39.2,89.768,0,0
2025/4/10,3,4,100,2025,830,652,FALSE,3,29.74,68.402,0,0
2025/4/11,4,4,101,2025,831,683,FALSE,7,22.53,37.3998,0,0
2025/4/12,5,4,102,2025,832,787,FALSE,5,36.42,56.8152,0,0
2025/4/13,6,4,103,2025,833,856,FALSE,3,29.32,62.7448,0,0
2025/4/14,0,4,104,2025,834,659,FALSE,5,19.24,35.4016,0,0
2025/4/15,1,4,105,2025,835,761,FALSE,3,30.73,54.0848,0,0
2025/4/16,2,4,106,2025,836,769,FALSE,3,31.16,50.7908,0,0
2025/4/17,3,4,107,2025,837,661,FALSE,3,35.38,83.4968,0,0
2025/4/18,4,4,108,2025,838,739,FALSE,7,12.06,24.9642,0,0
2025/4/19,5,4,109,2025,839,809,FALSE,3,35.74,83.6316,0,0
2025/4/20,6,4,110,2025,840,876,FALSE,5,27.63,56.9178,0,0
2025/4/21,0,4,111,2025,841,678,FALSE,3,39.63,61.4265,0,0
2025/4/22,1,4,112,2025,842,718,FALSE,5,21.41,36.8252,0,0
2025/4/23,2,4,113,2025,843,731,FALSE,5,32.73,75.9336,0,0
2025/4/24,3,4,114,2025,844,693,FALSE,7,32.06,54.1814,0,0
2025/4/25,4,4,115,2025,845,721,FALSE,5,27.89,67.2149,0,0
2025/4/26,5,4,116,2025,846,821,FALSE,3,26.13,47.5566,0,0
2025/4/27,6,4,117,2025,847,948,FALSE,3,28.13,54.0096,0,0
2025/4/28,0,4,118,2025,848,635,FALSE,3,28.27,61.0632,0,0
2025/4/29,1,4,119,2025,849,732,FALSE,3,23.73,54.579,0,0
2025/4/30,2,4,120,2025,850,697,FALSE,3,34.96,79.3592,0,0
2025/5/1,3,5,121,2025,851,940,TRUE,5,24.54,56.9328,1,0
2025/5/2,4,5,122,2025,852,683,FALSE,5,35.12,70.5912,0,0
2025/5/3,5,5,123,2025,853,843,FALSE,3,21.06,38.3292,0,0
2025/5/4,6,5,124,2025,854,912,FALSE,7,29.11,49.7781,0,0
2025/5/5,0,5,125,2025,855,632,FALSE,5,29.19,71.8074,0,0
2025/5/6,1,5,126,2025,856,718,FALSE,5,29.92,61.9344,0,0
2025/5/7,2,5,127,2025,857,724,FALSE,3,34.78,85.9066,0,0
2025/5/8,3,5,128,2025,858,661,FALSE,5,28.99,57.6901,0,0
2025/5/9,4,5,129,2025,859,715,FALSE,7,27.71,52.0948,0,0
2025/5/10,5,5,130,2025,860,808,FALSE,5,29,61.19,0,0
2025/5/11,6,5,131,2025,861,819,FALSE,7,34.91,86.9259,0,0
2025/5/12,0,5,132,2025,862,689,FALSE,5,23.97,56.5692,0,0
2025/5/13,1,5,133,2025,863,790,FALSE,5,24.9,47.559,0,0
2025/5/14,2,5,134,2025,864,685,FALSE,3,20.22,31.1388,0,0
2025/5/15,3,5,135,2025,865,660,FALSE,5,40.14,76.6674,0,0
2025/5/16,4,5,136,2025,866,698,FALSE,5,24.2,54.692,0,0
2025/5/17,5,5,137,2025,867,805,FALSE,3,20.57,30.855,0,0
2025/5/18,6,5,138,2025,868,877,FALSE,5,25.96,60.4868,0,0
2025/5/19,0,5,139,2025,869,696,FALSE,5,26.94,47.4144,0,0
2025/5/20,1,5,140,2025,870,724,FALSE,3,37.33,69.8071,0,0
2025/5/21,2,5,141,2025,871,672,FALSE,5,27.68,66.9856,0,0
2025/5/22,3,5,142,2025,872,622,FALSE,3,31.46,58.8302,0,0
2025/5/23,4,5,143,2025,873,659,FALSE,3,21.05,41.679,0,0
2025/5/24,5,5,144,2025,874,786,FALSE,3,31.04,60.2176,0,0
2025/5/25,6,5,145,2025,875,903,FALSE,3,21.76,40.4736,0,0
2025/5/26,0,5,146,2025,876,612,FALSE,5,28.43,44.9194,0,0
2025/5/27,1,5,147,2025,877,727,FALSE,3,26.2,50.304,0,0
2025/5/28,2,5,148,2025,878,687,FALSE,3,30.29,60.2771,0,0
2025/5/29,3,5,149,2025,879,691,FALSE,5,33.17,57.0524,0,0
2025/5/30,4,5,150,2025,880,748,FALSE,5,23.32,54.3356,0,0
2025/5/31,5,5,151,2025,881,763,FALSE,5,24.32,48.3968,0,0
2025/6/1,6,6,152,2025,882,1162,TRUE,3,30.97,53.8878,1,0
2025/6/2,0,6,153,2025,883,649,FALSE,5,33.44,53.504,0,0
2025/6/3,1,6,154,2025,884,732,FALSE,5,37.09,77.1472,0,0
2025/6/4,2,6,155,2025,885,734,FALSE,5,27.64,54.7272,0,0
2025/6/5,3,6,156,2025,886,663,FALSE,7,22.54,50.0388,0,0
2025/6/6,4,6,157,2025,887,652,FALSE,3,30.93,77.0157,0,0
2025/6/7,5,6,158,2025,888,787,FALSE,3,26.03,44.251,0,0
2025/6/8,6,6,159,2025,889,864,FALSE,5,25.38,56.5974,0,0
2025/6/9,0,6,160,2025,890,633,FALSE,5,37.04,71.4872,0,0
2025/6/10,1,6,161,2025,891,717,FALSE,5,33.09,62.871,0,0
2025/6/11,2,6,162,2025,892,701,FALSE,3,26.36,47.1844,0,0
2025/6/12,3,6,163,2025,893,670,FALSE,3,29.91,55.6326,0,0
2025/6/13,4,6,164,2025,894,694,FALSE,3,29.57,47.9034,0,0
2025/6/14,5,6,165,2025,895,779,FALSE,3,30.83,60.4268,0,0
2025/6/15,6,6,166,2025,896,816,FALSE,3,27.97,58.4573,0,0
2025/6/16,0,6,167,2025,897,841,TRUE,5,20.5,36.49,1,0
2025/6/17,1,6,168,2025,898,1004,TRUE,3,25.12,48.984,1,0
2025/6/18,2,6,169,2025,899,897,TRUE,3,27.34,53.8598,1,0
2025/6/19,3,6,170,2025,900,636,FALSE,7,30.14,65.1024,0,0
2025/6/20,4,6,171,2025,901,631,FALSE,3,24.59,51.1472,0,0
2025/6/21,5,6,172,2025,902,750,FALSE,3,30.93,75.4692,0,0
2025/6/22,6,6,173,2025,903,849,FALSE,3,28.09,57.0227,0,0
2025/6/23,0,6,174,2025,904,593,FALSE,7,26.2,55.282,0,0
2025/6/24,1,6,175,2025,905,682,FALSE,3,23.65,48.0095,0,0
2025/6/25,2,6,176,2025,906,606,FALSE,5,32.23,59.6255,0,0
2025/6/26,3,6,177,2025,907,636,FALSE,7,32.12,53.3192,0,0
2025/6/27,4,6,178,2025,908,651,FALSE,5,34,51.68,0,0
2025/6/28,5,6,179,2025,909,803,FALSE,7,32.75,56.33,0,0
2025/6/29,6,6,180,2025,910,791,FALSE,3,33.12,68.2272,0,0
2025/6/30,0,6,181,2025,911,582,FALSE,5,31.91,48.8223,0,0
2025/7/1,1,7,182,2025,912,945,TRUE,5,21.21,38.6022,1,0
2025/7/2,2,7,183,2025,913,684,FALSE,3,28.6,44.044,0,0
2025/7/3,3,7,184,2025,914,600,FALSE,7,22.84,50.0196,0,0
2025/7/4,4,7,185,2025,915,629,FALSE,5,36.85,74.0685,0,0
2025/7/5,5,7,186,2025,916,745,FALSE,7,29.93,71.5327,0,0
2025/7/6,6,7,187,2025,917,795,FALSE,5,36.35,77.4255,0,0
2025/7/7,0,7,188,2025,918,551,FALSE,5,24.85,54.67,0,0
2025/7/8,1,7,189,2025,919,665,FALSE,3,29.54,70.3052,0,0
2025/7/9,2,7,190,2025,920,658,FALSE,3,31.32,75.168,0,0
2025/7/10,3,7,191,2025,921,561,FALSE,3,28.35,53.0145,0,0
2025/7/11,4,7,192,2025,922,613,FALSE,5,30.94,64.3552,0,0
2025/7/12,5,7,193,2025,923,695,FALSE,3,37.41,71.079,0,0
2025/7/13,6,7,194,2025,924,815,FALSE,3,24.84,51.4188,0,0
2025/7/14,0,7,195,2025,925,508,FALSE,3,16.81,41.0164,0,0
2025/7/15,1,7,196,2025,926,631,FALSE,3,38,94.62,0,0
2025/7/16,2,7,197,2025,927,626,FALSE,3,26.04,51.2988,0,0
2025/7/17,3,7,198,2025,928,628,FALSE,7,35.61,55.5516,0,0
2025/7/18,4,7,199,2025,929,597,FALSE,3,33.26,81.8196,0,0
2025/7/19,5,7,200,2025,930,689,FALSE,3,28.92,46.8504,0,0
2025/7/20,6,7,201,2025,931,825,FALSE,3,31.9,48.488,0,0
2025/7/21,0,7,202,2025,932,500,FALSE,3,24.3,53.46,0,0
2025/7/22,1,7,203,2025,933,572,FALSE,3,30.43,71.5105,0,0
2025/7/23,2,7,204,2025,934,617,FALSE,3,32.97,69.8964,0,0
2025/7/24,3,7,205,2025,935,556,FALSE,3,26.13,54.6117,0,0
2025/7/25,4,7,206,2025,936,558,FALSE,5,28.1,51.423,0,0
2025/7/26,5,7,207,2025,937,717,FALSE,3,31.56,67.2228,0,0
2025/7/27,6,7,208,2025,938,766,FALSE,3,36.62,84.9584,0,0
2025/7/28,0,7,209,2025,939,516,FALSE,3,29.98,54.8634,0,0
2025/7/29,1,7,210,2025,940,589,FALSE,5,27.85,54.586,0,0
2025/7/30,2,7,211,2025,941,620,FALSE,5,29.27,62.6378,0,0
2025/7/31,3,7,212,2025,942,580,FALSE,5,35.8,81.624,0,0
2025/8/1,4,8,213,2025,943,807,TRUE,3,26.79,57.3306,1,0
2025/8/2,5,8,214,2025,944,742,FALSE,3,28.5,47.31,0,0
2025/8/3,6,8,215,2025,945,717,FALSE,5,26.84,54.4852,0,0
2025/8/4,0,8,216,2025,946,478,FALSE,3,28.98,56.2212,0,0
2025/8/5,1,8,217,2025,947,598,FALSE,5,31.07,66.8005,0,0
2025/8/6,2,8,218,2025,948,584,FALSE,5,35.17,75.6155,0,0
2025/8/7,3,8,219,2025,949,559,FALSE,3,19.38,31.008,0,0
2025/8/8,4,8,220,2025,950,562,FALSE,3,32.78,53.7592,0,0
2025/8/9,5,8,221,2025,951,688,FALSE,3,25.54,40.6086,0,0
2025/8/10,6,8,222,2025,952,703,FALSE,7,32.97,52.752,0,0
2025/8/11,0,8,223,2025,953,558,FALSE,3,36.2,73.124,0,0
2025/8/12,1,8,224,2025,954,607,FALSE,7,34.98,52.47,0,0
2025/8/13,2,8,225,2025,955,610,FALSE,3,30.79,70.2012,0,0
2025/8/14,3,8,226,2025,956,554,FALSE,3,34.17,70.7319,0,0
2025/8/15,4,8,227,2025,957,575,FALSE,3,25.28,56.1216,0,0
2025/8/16,5,8,228,2025,958,687,FALSE,3,29.66,58.7268,0,1
2025/8/17,6,8,229,2025,959,747,FALSE,5,37.6,90.616,0,0
2025/8/18,0,8,230,2025,960,526,FALSE,3,26.05,60.436,0,0
2025/8/19,1,8,231,2025,961,642,FALSE,5,30.99,61.98,0,0
2025/8/20,2,8,232,2025,962,575,FALSE,3,28.15,48.981,0,0
2025/8/21,3,8,233,2025,963,557,FALSE,3,29.02,47.3026,0,0
2025/8/22,4,8,234,2025,964,552,FALSE,3,32.03,74.9502,0,0
2025/8/23,5,8,235,2025,965,706,FALSE,3,28.65,62.457,0,0
2025/8/24,6,8,236,2025,966,706,FALSE,3,29.98,53.0646,0,0
2025/8/25,0,8,237,2025,967,554,FALSE,3,27.48,61.2804,0,0
2025/8/26,1,8,238,2025,968,595,FALSE,3,20.87,37.7747,0,0
2025/8/27,2,8,239,2025,969,520,FALSE,3,30.97,54.1975,0,0
2025/8/28,3,8,240,2025,970,534,FALSE,5,32.2,72.128,0,0
2025/8/29,4,8,241,2025,971,528,FALSE,5,36.91,82.6784,0,0
2025/8/30,5,8,242,2025,972,683,FALSE,3,29.34,68.0688,0,0
2025/8/31,6,8,243,2025,973,702,FALSE,5,23.03,54.1205,0,0
2025/9/1,0,9,244,2025,974,679,TRUE,5,26.23,53.7715,1,1
2025/9/2,1,9,245,2025,975,534,FALSE,3,32.7,57.552,0,0
2025/9/3,2,9,246,2025,976,544,FALSE,5,29.58,62.4138,0,0
2025/9/4,3,9,247,2025,977,452,FALSE,3,31.4,56.52,0,0
2025/9/5,4,9,248,2025,978,496,FALSE,3,28.23,64.6467,0,0
2025/9/6,5,9,249,2025,979,676,FALSE,5,39.35,63.747,0,1
2025/9/7,6,9,250,2025,980,741,FALSE,3,38.64,70.7112,0,0
2025/9/8,0,9,251,2025,981,503,FALSE,3,25.34,39.0236,0,0
2025/9/9,1,9,252,2025,982,558,FALSE,3,34.55,67.3725,0,0
2025/9/10,2,9,253,2025,983,552,FALSE,3,31.52,51.6928,0,0
2025/9/11,3,9,254,2025,984,521,FALSE,5,30.07,74.2729,0,0
2025/9/12,4,9,255,2025,985,505,FALSE,3,25.7,47.802,0,0
2025/9/13,5,9,256,2025,986,695,FALSE,3,38.11,87.2719,0,0
2025/9/14,6,9,257,2025,987,741,FALSE,3,35.83,83.4839,0,0
2025/9/15,0,9,258,2025,988,480,FALSE,7,22.71,36.1089,0,0
2025/9/16,1,9,259,2025,989,585,FALSE,3,36.92,80.1164,0,0
2025/9/17,2,9,260,2025,990,558,FALSE,3,29.81,54.8504,0,0
2025/9/18,3,9,261,2025,991,457,FALSE,3,27.01,48.618,0,0
2025/9/19,4,9,262,2025,992,531,FALSE,5,25.12,56.52,0,0
2025/9/20,5,9,263,2025,993,628,FALSE,3,34.72,60.76,0,0
2025/9/21,6,9,264,2025,994,683,FALSE,5,32,57.92,0,0
2025/9/22,0,9,265,2025,995,477,FALSE,3,25.63,57.9238,0,0
2025/9/23,1,9,266,2025,996,637,FALSE,5,25.94,47.989,0,1
2025/9/24,2,9,267,2025,997,569,FALSE,3,28.06,53.0334,0,0
2025/9/25,3,9,268,2025,998,501,FALSE,3,27.44,61.4656,0,0
2025/9/26,4,9,269,2025,999,554,FALSE,3,32.64,53.5296,0,0
2025/9/27,5,9,270,2025,1000,690,FALSE,3,31.89,69.8391,0,0
2025/9/28,6,9,271,2025,1001,741,FALSE,3,26.82,48.8124,0,0
2025/9/29,0,9,272,2025,1002,487,FALSE,3,21.71,50.8014,0,0
2025/9/30,1,9,273,2025,1003,564,FALSE,5,23.33,49.4596,0,0
2025/10/1,2,10,274,2025,1004,792,TRUE,3,34.35,51.8685,1,0
2025/10/2,3,10,275,2025,1005,530,FALSE,3,25.03,40.7989,0,0
2025/10/3,4,10,276,2025,1006,565,FALSE,3,30.56,68.76,0,0
2025/10/4,5,10,277,2025,1007,668,FALSE,3,21.18,36.4296,0,0
2025/10/5,6,10,278,2025,1008,746,FALSE,5,31.99,48.6248,0,0
2025/10/6,0,10,279,2025,1009,471,FALSE,3,39.6,88.704,0,0
2025/10/7,1,10,280,2025,1010,624,FALSE,5,23.36,50.6912,0,0
2025/10/8,2,10,281,2025,1011,558,FALSE,3,32.75,56.33,0,0
2025/10/9,3,10,282,2025,1012,582,FALSE,3,31.36,66.7968,0,0
2025/10/10,4,10,283,2025,1013,519,FALSE,5,34.59,73.6767,0,0
2025/10/11,5,10,284,2025,1014,703,FALSE,3,29.34,71.5896,0,0
2025/10/12,6,10,285,2025,1015,723,FALSE,7,31.36,50.176,0,0
2025/10/13,0,10,286,2025,1016,470,FALSE,5,30.91,51.6197,0,0
2025/10/14,1,10,287,2025,1017,573,FALSE,3,32.86,59.148,0,0
2025/10/15,2,10,288,2025,1018,546,FALSE,3,25.8,58.566,0,0
2025/10/16,3,10,289,2025,1019,536,FALSE,3,30.96,60.9912,0,0
2025/10/17,4,10,290,2025,1020,559,FALSE,5,34.05,63.6735,0,0
2025/10/18,5,10,291,2025,1021,638,FALSE,7,35.84,67.3792,0,0
2025/10/19,6,10,292,2025,1022,721,FALSE,5,32.48,65.2848,0,0
2025/10/20,0,10,293,2025,1023,558,FALSE,3,24.34,44.2988,0,0
2025/10/21,1,10,294,2025,1024,644,FALSE,3,22.23,48.4614,0,0
2025/10/22,2,10,295,2025,1025,573,FALSE,7,32.04,49.0212,0,0
2025/10/23,3,10,296,2025,1026,529,FALSE,3,24.94,52.374,0,0
2025/10/24,4,10,297,2025,1027,552,FALSE,3,34.22,63.6492,0,0
2025/10/25,5,10,298,2025,1028,679,FALSE,3,28.56,56.5488,0,0
2025/10/26,6,10,299,2025,1029,696,FALSE,7,35.06,78.885,0,0
2025/10/27,0,10,300,2025,1030,491,FALSE,3,40.63,62.5702,0,0
2025/10/28,1,10,301,2025,1031,548,FALSE,3,29.69,51.0668,0,0
2025/10/29,2,10,302,2025,1032,578,FALSE,3,29.42,59.1342,0,0
2025/10/30,3,10,303,2025,1033,554,FALSE,3,35.07,74.3484,0,0
2025/10/31,4,10,304,2025,1034,541,FALSE,3,35.32,59.6908,0,0
2025/11/1,5,11,305,2025,1035,982,TRUE,5,38.51,65.467,1,0
2025/11/2,6,11,306,2025,1036,697,FALSE,5,30.98,65.6776,0,0
2025/11/3,0,11,307,2025,1037,462,FALSE,3,26.84,59.5848,0,0
2025/11/4,1,11,308,2025,1038,612,FALSE,7,30.04,58.578,0,0
2025/11/5,2,11,309,2025,1039,605,FALSE,3,26.88,52.416,0,0
2025/11/6,3,11,310,2025,1040,592,FALSE,3,31.2,59.28,0,0
2025/11/7,4,11,311,2025,1041,549,FALSE,5,25.66,44.905,0,0
2025/11/8,5,11,312,2025,1042,708,FALSE,5,34.51,85.9299,0,0
2025/11/9,6,11,313,2025,1043,741,FALSE,3,33.49,71.3337,0,0
2025/11/10,0,11,314,2025,1044,714,TRUE,5,30.7,57.102,1,0
2025/11/11,1,11,315,2025,1045,885,TRUE,3,30.13,53.0288,1,0
2025/11/12,2,11,316,2025,1046,834,TRUE,7,29.02,50.785,1,0
2025/11/13,3,11,317,2025,1047,503,FALSE,7,36.56,66.5392,0,0
2025/11/14,4,11,318,2025,1048,616,FALSE,3,35.94,73.677,0,0
2025/11/15,5,11,319,2025,1049,726,FALSE,3,30.73,63.9184,0,0
2025/11/16,6,11,320,2025,1050,733,FALSE,5,25.72,55.5552,0,0
2025/11/17,0,11,321,2025,1051,535,FALSE,3,24.12,36.6624,0,0
2025/11/18,1,11,322,2025,1052,638,FALSE,5,31.44,65.3952,0,0
2025/11/19,2,11,323,2025,1053,599,FALSE,3,26.81,55.7648,0,0
2025/11/20,3,11,324,2025,1054,544,FALSE,5,32.38,78.3596,0,0
2025/11/21,4,11,325,2025,1055,561,FALSE,3,28.07,48.5611,0,0
2025/11/22,5,11,326,2025,1056,694,FALSE,3,33.87,52.1598,0,0
2025/11/23,6,11,327,2025,1057,797,FALSE,3,31.04,76.048,0,0
2025/11/24,0,11,328,2025,1058,549,FALSE,3,34.99,72.0794,0,0
2025/11/25,1,11,329,2025,1059,622,FALSE,3,18.83,30.128,0,0
2025/11/26,2,11,330,2025,1060,625,FALSE,3,28.86,52.8138,0,0
2025/11/27,3,11,331,2025,1061,485,FALSE,7,41.08,77.6412,0,0
2025/11/28,4,11,332,2025,1062,626,FALSE,5,17.48,39.6796,0,0
2025/11/29,5,11,333,2025,1063,654,FALSE,5,34.21,60.2096,0,0
2025/11/30,6,11,334,2025,1064,762,FALSE,3,32.09,78.6205,0,0
2025/12/1,0,12,335,2025,1065,728,TRUE,3,36.43,75.4101,1,0
2025/12/2,1,12,336,2025,1066,606,FALSE,7,29.13,46.608,0,0
2025/12/3,2,12,337,2025,1067,648,FALSE,5,35.95,72.2595,0,0
2025/12/4,3,12,338,2025,1068,568,FALSE,5,36.08,75.0464,0,0
2025/12/5,4,12,339,2025,1069,614,FALSE,3,30.98,76.2108,0,0
2025/12/6,5,12,340,2025,1070,716,FALSE,3,24.18,58.2738,0,0
2025/12/7,6,12,341,2025,1071,800,FALSE,3,34.57,84.3508,0,0
2025/12/8,0,12,342,2025,1072,558,FALSE,3,25.13,54.0295,0,0
2025/12/9,1,12,343,2025,1073,618,FALSE,7,29.31,62.7234,0,0
2025/12/10,2,12,344,2025,1074,655,FALSE,3,34.73,75.7114,0,0
2025/12/11,3,12,345,2025,1075,579,FALSE,7,35.46,54.963,0,0
2025/12/12,4,12,346,2025,1076,815,TRUE,5,28.26,49.7376,1,0
2025/12/13,5,12,347,2025,1077,717,FALSE,3,33.13,57.9775,0,0
2025/12/14,6,12,348,2025,1078,843,FALSE,7,22.29,50.8212,0,0
2025/12/15,0,12,349,2025,1079,594,FALSE,7,27.64,46.1588,0,0
2025/12/16,1,12,350,2025,1080,659,FALSE,3,37.34,83.6416,0,0
2025/12/17,2,12,351,2025,1081,627,FALSE,3,36.72,70.5024,0,0
2025/12/18,3,12,352,2025,1082,597,FALSE,5,33.35,59.0295,0,0
2025/12/19,4,12,353,2025,1083,691,FALSE,3,29.29,70.296,0,0
2025/12/20,5,12,354,2025,1084,754,FALSE,5,34.24,61.632,0,0
2025/12/21,6,12,355,2025,1085,824,FALSE,3,29.88,67.8276,0,0
2025/12/22,0,12,356,2025,1086,612,FALSE,3,30.84,69.6984,0,0
2025/12/23,1,12,357,2025,1087,689,FALSE,7,30.44,57.2272,0,0
2025/12/24,2,12,358,2025,1088,643,FALSE,3,26.12,47.7996,0,0
2025/12/25,3,12,359,2025,1089,614,FALSE,5,33.63,50.445,0,0
2025/12/26,4,12,360,2025,1090,639,FALSE,3,24.65,48.314,0,0
2025/12/27,5,12,361,2025,1091,755,FALSE,3,33.88,56.9184,0,0
2025/12/28,6,12,362,2025,1092,846,FALSE,3,25.2,38.052,0,0
2025/12/29,0,12,363,2025,1093,595,FALSE,5,26.39,55.9468,0,0
2025/12/30,1,12,364,2025,1094,717,FALSE,3,15.8,25.754,0,0
2025/12/31,2,12,365,2025,1095,661,FALSE,3,29.22,52.8882,0,0
